timestamp_ms,raw_value,leads_off,bpm
1771381723158,348,0,
1771381723158,350,0,
1771381723158,350,0,
1771381723158,351,0,
1771381723158,352,0,
1771381723158,354,0,
1771381723158,353,0,
1771381723158,3,0,
1771381723158,293,0,
1771381723158,298,0,
1771381723158,303,0,
1771381723158,309,0,
1771381723158,315,0,
1771381723158,319,0,
1771381723159,327,0,
1771381723159,334,0,
1771381723159,337,0,
1771381723159,340,0,
1771381723159,344,0,
1771381723159,345,0,
1771381723159,345,0,
1771381723159,348,0,
1771381723159,346,0,
1771381723159,347,0,
1771381723159,349,0,
1771381723159,348,0,
1771381723159,348,0,
1771381723159,350,0,
1771381723159,350,0,
1771381723159,351,0,
1771381723159,352,0,
1771381723159,354,0,
1771381723159,353,0,
1771381723159,293,0,
1771381723159,298,0,
1771381723159,303,0,
1771381723159,309,0,
1771381723159,315,0,
1771381723159,319,0,
1771381723159,327,0,
1771381723159,334,0,
1771381723159,337,0,
1771381723159,340,0,
1771381723159,344,0,
1771381723159,345,0,
1771381723159,345,0,
1771381723159,348,0,
1771381723159,346,0,
1771381723159,347,0,
1771381723159,349,0,
1771381723159,348,0,
1771381723159,348,0,
1771381723159,350,0,
1771381723159,350,0,
1771381723159,351,0,
1771381723159,352,0,
1771381723159,354,0,
1771381723159,353,0,
1771381724726,351,0,
1771381724730,351,0,
1771381724738,352,0,
1771381724743,351,0,
1771381724747,353,0,
1771381724751,353,0,
1771381724759,353,0,
1771381724763,353,0,
1771381724767,353,0,
1771381724775,353,0,
1771381724779,351,0,
1771381724783,352,0,
1771381724788,351,0,
1771381724796,351,0,
1771381724800,352,0,
1771381724804,350,0,
1771381724808,349,0,
1771381724816,350,0,
1771381724820,347,0,
1771381724824,347,0,
1771381724829,347,0,
1771381724837,346,0,
1771381724841,346,0,
1771381724845,344,0,
1771381724853,341,0,
1771381724857,333,0,
1771381724861,322,0,
1771381724865,319,0,
1771381724874,322,0,
1771381724878,326,0,
1771381724882,330,0,
1771381724886,331,0,
1771381724894,332,0,
1771381724898,336,0,
1771381724902,338,0,
1771381724910,343,0,
1771381724915,345,0,
1771381724919,346,0,
1771381724923,345,0,
1771381724931,345,0,
1771381724935,348,0,
1771381724939,346,0,
1771381724943,346,0,
1771381724951,348,0,
1771381724956,349,0,
1771381724960,348,0,
1771381724964,348,0,
1771381724972,347,0,
1771381724976,347,0,
1771381724980,350,0,
1771381724988,356,0,
1771381724992,362,0,
1771381724996,352,0,
1771381725001,312,0,
1771381725009,244,0,
1771381725013,130,0,
1771381725017,0,0,
1771381725017,0,0,
1771381725021,0,0,
1771381725025,0,0,
1771381725029,3,0,
1771381725033,75,0,
1771381725037,215,0,
1771381725042,345,0,
1771381725050,374,0,
1771381725054,360,0,
1771381725058,357,0,
1771381725062,366,0,
1771381725070,376,0,
1771381725074,378,0,
1771381725078,380,0,
1771381725083,381,0,
1771381725091,380,0,
1771381725095,379,0,
1771381725099,380,0,
1771381725107,377,0,
1771381725111,376,0,
1771381725115,375,0,
1771381725119,372,0,
1771381725128,370,0,
1771381725132,369,0,
1771381725136,368,0,
1771381725140,364,0,
1771381725148,362,0,
1771381725152,360,0,
1771381725156,356,0,
1771381725160,352,0,
1771381725169,349,0,
1771381725173,344,0,
1771381725177,339,0,
1771381725185,335,0,
1771381725189,330,0,
1771381725193,325,0,
1771381725197,321,0,
1771381725205,316,0,
1771381725209,310,0,
1771381725214,307,0,
1771381725218,304,0,
1771381725226,298,0,
1771381725230,296,0,
1771381725234,296,0,
1771381725242,292,0,
1771381725246,292,0,
1771381725250,294,0,
1771381725254,293,0,
1771381725263,295,0,
1771381725267,297,0,
1771381725271,298,0,
1771381725275,300,0,
1771381725283,306,0,
1771381725287,310,0,
1771381725291,315,0,
1771381725295,322,0,
1771381725304,329,0,
1771381725308,331,0,
1771381725312,336,0,
1771381725320,342,0,
1771381725324,345,0,
1771381725328,348,0,
1771381725332,349,0,
1771381725341,350,0,
1771381725345,352,0,
1771381725349,353,0,
1771381725353,351,0,
1771381725361,352,0,
1771381725365,355,0,
1771381725369,355,0,
1771381725377,353,0,
1771381725382,354,0,
1771381725386,356,0,
1771381725390,354,0,
1771381725398,354,0,
1771381725402,356,0,
1771381725406,355,0,
1771381725410,355,0,
1771381725418,356,0,
1771381725422,355,0,
1771381725427,354,0,
1771381725431,355,0,
1771381725439,354,0,
1771381725443,353,0,
1771381725447,354,0,
1771381725455,353,0,
1771381725459,352,0,
1771381725463,354,0,
1771381725467,355,0,
1771381725476,353,0,
1771381725480,353,0,
1771381725484,355,0,
1771381725488,354,0,
1771381725496,354,0,
1771381725500,354,0,
1771381725504,351,0,
1771381725513,351,0,
1771381725517,353,0,
1771381725521,351,0,
1771381725525,351,0,
1771381725533,350,0,
1771381725537,349,0,
1771381725541,350,0,
1771381725545,350,0,
1771381725553,352,0,
1771381725558,349,0,
1771381725562,350,0,
1771381725570,350,0,
1771381725574,346,0,
1771381725578,346,0,
1771381725582,345,0,
1771381725590,344,0,
1771381725594,344,0,
1771381725599,342,0,
1771381725603,336,0,
1771381725611,325,0,
1771381725615,317,0,
1771381725619,318,0,
1771381725623,321,0,
1771381725631,327,0,
1771381725635,331,0,
1771381725639,331,0,
1771381725648,333,0,
1771381725652,338,0,
1771381725656,340,0,
1771381725660,343,0,
1771381725668,346,0,
1771381725672,344,0,
1771381725676,344,0,
1771381725681,345,0,
1771381725689,345,0,
1771381725693,344,0,
1771381725697,345,0,
1771381725705,347,0,
1771381725709,344,0,
1771381725713,343,0,
1771381725717,346,0,
1771381725726,345,0,
1771381725730,345,0,
1771381725734,351,0,
1771381725738,360,0,
1771381725746,362,0,
1771381725750,339,0,
1771381725754,285,0,
1771381725758,199,0,
1771381725762,72,0,
1771381725766,0,0,
1771381725771,0,0,
1771381725775,0,0,
1771381725779,0,0,
1771381725783,56,0,
1771381725787,187,0,
1771381725791,328,0,
1771381725795,375,0,
1771381725803,367,0,
1771381725807,357,0,
1771381725812,364,0,
1771381725816,372,0,
1771381725824,376,0,
1771381725828,379,0,
1771381725832,380,0,
1771381725840,378,0,
1771381725844,377,0,
1771381725848,376,0,
1771381725853,375,0,
1771381725861,373,0,
1771381725865,373,0,
1771381725869,373,0,
1771381725873,368,0,
1771381725881,365,0,
1771381725885,364,0,
1771381725889,361,0,
1771381725893,359,0,
1771381725902,358,0,
1771381725906,353,0,
1771381725910,350,0,
1771381725918,346,0,
1771381725922,341,0,
1771381725926,337,0,
1771381725930,332,0,
1771381725939,328,0,
1771381725943,322,0,
1771381725947,318,0,
1771381725951,314,0,
1771381725959,307,0,
1771381725963,303,0,
1771381725967,301,0,
1771381725975,296,0,
1771381725980,293,0,
1771381725984,292,0,
1771381725988,289,0,
1771381725996,289,0,
1771381726000,289,0,
1771381726004,288,0,
1771381726008,286,0,
1771381726016,289,0,
1771381726020,290,0,
1771381726025,293,0,
1771381726033,297,0,
1771381726037,304,0,
1771381726041,308,0,
1771381726045,313,0,
1771381726053,321,0,
1771381726057,325,0,
1771381726061,331,0,
1771381726065,337,0,
1771381726074,341,0,
1771381726078,344,0,
1771381726082,346,0,
1771381726086,347,0,
1771381726094,348,0,
1771381726098,350,0,
1771381726102,352,0,
1771381726111,351,0,
1771381726115,351,0,
1771381726119,353,0,
1771381726123,352,0,
1771381726131,352,0,
1771381726135,354,0,
1771381726139,352,0,
1771381726143,352,0,
1771381726151,353,0,
1771381726156,352,0,
1771381726160,352,0,
1771381726168,354,0,
1771381726172,353,0,
1771381726176,352,0,
1771381726180,353,0,
1771381726188,356,0,
1771381726192,353,0,
1771381726197,354,0,
1771381726201,355,0,
1771381726209,353,0,
1771381726213,354,0,
1771381726217,355,0,
1771381726221,353,0,
1771381726229,354,0,
1771381726233,354,0,
1771381726237,353,0,
1771381726246,352,0,
1771381726250,353,0,
1771381726254,352,0,
1771381726258,351,0,
1771381726266,353,0,
1771381726270,354,0,
1771381726274,351,0,
1771381726278,350,0,
1771381726287,351,0,
1771381726291,349,0,
1771381726295,349,0,
1771381726303,350,0,
1771381726307,349,0,
1771381726311,349,0,
1771381726315,349,0,
1771381726324,348,0,
1771381726328,345,0,
1771381726332,346,0,
1771381726336,344,0,
1771381726344,343,0,
1771381726348,345,0,
1771381726352,343,0,
1771381726356,336,0,
1771381726364,330,0,
1771381726369,322,0,
1771381726373,316,0,
1771381726381,319,0,
1771381726385,325,0,
1771381726389,328,0,
1771381726393,329,0,
1771381726401,333,0,
1771381726405,335,0,
1771381726410,339,0,
1771381726414,343,0,
1771381726422,344,0,
1771381726426,342,0,
1771381726430,343,0,
1771381726438,344,0,
1771381726443,343,0,
1771381726447,343,0,
1771381726451,345,0,
1771381726459,343,0,
1771381726463,343,0,
1771381726467,344,0,
1771381726471,343,0,
1771381726479,344,0,
1771381726484,346,0,
1771381726488,346,0,
1771381726492,355,0,
1771381726500,363,0,
1771381726504,355,0,
1771381726508,319,0,
1771381726517,255,0,
1771381726521,158,0,
1771381726525,34,0,
1771381726529,0,0,
1771381726529,0,0,
1771381726532,5,0,
1771381726536,58,0,
1771381726541,176,0,
1771381726549,321,0,
1771381726553,381,0,
1771381726557,372,0,
1771381726565,358,0,
1771381726569,357,0,
1771381726573,364,0,
1771381726577,370,0,
1771381726586,374,0,
1771381726590,375,0,
1771381726594,374,0,
1771381726598,377,0,
1771381726606,374,0,
1771381726610,372,0,
1771381726614,372,0,
1771381726618,370,0,
1771381726626,368,0,
1771381726631,368,0,
1771381726635,365,0,
1771381726643,363,0,
1771381726647,362,0,
1771381726651,360,0,
1771381726655,356,0,
1771381726663,354,0,
1771381726668,350,0,
1771381726672,346,0,
1771381726676,342,0,
1771381726684,341,0,
1771381726688,336,0,
1771381726692,330,0,
1771381726700,326,0,
1771381726704,322,0,
1771381726709,315,0,
1771381726713,312,0,
1771381726721,307,0,
1771381726725,303,0,
1771381726729,299,0,
1771381726733,297,0,
1771381726741,294,0,
1771381726745,294,0,
1771381726749,293,0,
1771381726754,290,0,
1771381726762,288,0,
1771381726766,290,0,
1771381726770,287,0,
1771381726779,287,0,
1771381726782,293,0,
1771381726787,297,0,
1771381726790,300,0,
1771381726799,308,0,
1771381726803,313,0,
1771381726807,318,0,
1771381726811,326,0,
1771381726819,332,0,
1771381726823,338,0,
1771381726827,344,0,
1771381726835,351,0,
1771381726840,350,0,
1771381726844,350,0,
1771381726848,355,0,
1771381726856,355,0,
1771381726860,355,0,
1771381726864,357,0,
1771381726868,356,0,
1771381726876,356,0,
1771381726880,357,0,
1771381726885,357,0,
1771381726889,358,0,
1771381726897,359,0,
1771381726901,358,0,
1771381726905,356,0,
1771381726913,357,0,
1771381726917,359,0,
1771381726921,357,0,
1771381726925,356,0,
1771381726934,359,0,
1771381726938,359,0,
1771381726942,357,0,
1771381726946,359,0,
1771381726954,359,0,
1771381726958,357,0,
1771381726962,358,0,
1771381726971,359,0,
1771381726975,356,0,
1771381726979,358,0,
1771381726983,359,0,
1771381726991,358,0,
1771381726995,359,0,
1771381726999,360,0,
1771381727003,358,0,
1771381727012,356,0,
1771381727016,359,0,
1771381727020,357,0,
1771381727028,357,0,
1771381727032,358,0,
1771381727036,356,0,
1771381727040,355,0,
1771381727048,356,0,
1771381727052,355,0,
1771381727057,355,0,
1771381727061,354,0,
1771381727069,354,0,
1771381727073,354,0,
1771381727077,353,0,
1771381727081,355,0,
1771381727089,352,0,
1771381727094,349,0,
1771381727098,351,0,
1771381727106,351,0,
1771381727110,350,0,
1771381727114,349,0,
1771381727119,344,0,
1771381727127,338,0,
1771381727131,330,0,
1771381727134,322,0,
1771381727138,323,0,
1771381727147,329,0,
1771381727151,333,0,
1771381727155,335,0,
1771381727163,337,0,
1771381727167,341,0,
1771381727171,343,0,
1771381727175,345,0,
1771381727184,349,0,
1771381727188,349,0,
1771381727192,348,0,
1771381727196,350,0,
1771381727204,349,0,
1771381727208,347,0,
1771381727212,347,0,
1771381727216,348,0,
1771381727225,347,0,
1771381727229,349,0,
1771381727233,351,0,
1771381727241,349,0,
1771381727245,347,0,
1771381727250,349,0,
1771381727253,355,0,
1771381727261,362,0,
1771381727266,360,0,
1771381727270,327,0,
1771381727274,270,0,
1771381727282,180,0,
1771381727286,53,0,
1771381727286,0,0,
1771381727290,0,0,
1771381727294,0,0,
1771381727298,23,0,
1771381727302,126,0,
1771381727311,282,0,
1771381727315,369,0,
1771381727319,372,0,
1771381727323,358,0,
1771381727331,362,0,
1771381727335,371,0,
1771381727339,377,0,
1771381727343,382,0,
1771381727351,382,0,
1771381727356,382,0,
1771381727360,382,0,
1771381727368,383,0,
1771381727372,381,0,
1771381727376,379,0,
1771381727380,378,0,
1771381727389,377,0,
1771381727393,373,0,
1771381727397,374,0,
1771381727401,371,0,
1771381727409,366,0,
1771381727413,365,0,
1771381727417,363,0,
1771381727425,359,0,
1771381727429,358,0,
1771381727433,354,0,
1771381727437,349,0,
1771381727446,344,0,
1771381727450,342,0,
1771381727454,337,0,
1771381727458,331,0,
1771381727466,328,0,
1771381727470,323,0,
1771381727474,316,0,
1771381727478,315,0,
1771381727487,310,0,
1771381727491,304,0,
1771381727495,304,0,
1771381727503,301,0,
1771381727507,298,0,
1771381727511,298,0,
1771381727515,297,0,
1771381727524,296,0,
1771381727528,296,0,
1771381727532,297,0,
1771381727536,296,0,
1771381727544,299,0,
1771381727548,302,0,
1771381727552,307,0,
1771381727560,310,0,
1771381727564,317,0,
1771381727569,322,0,
1771381727573,325,0,
1771381727581,333,0,
1771381727585,337,0,
1771381727589,340,0,
1771381727593,345,0,
1771381727601,348,0,
1771381727605,350,0,
1771381727610,351,0,
1771381727614,353,0,
1771381727622,353,0,
1771381727627,354,0,
1771381727630,353,0,
1771381727638,354,0,
1771381727642,353,0,
1771381727646,356,0,
1771381727651,356,0,
1771381727659,354,0,
1771381727663,355,0,
1771381727667,356,0,
1771381727671,354,0,
1771381727679,356,0,
1771381727683,356,0,
1771381727687,353,0,
1771381727696,355,0,
1771381727700,356,0,
1771381727704,355,0,
1771381727708,354,0,
1771381727716,354,0,
1771381727720,356,0,
1771381727724,354,0,
1771381727728,356,0,
1771381727736,355,0,
1771381727741,353,0,
1771381727745,356,0,
1771381727749,355,0,
1771381727757,354,0,
1771381727761,355,0,
1771381727765,355,0,
1771381727773,354,0,
1771381727777,353,0,
1771381727782,354,0,
1771381727786,353,0,
1771381727794,351,0,
1771381727798,354,0,
1771381727802,351,0,
1771381727806,349,0,
1771381727814,352,0,
1771381727818,351,0,
1771381727822,349,0,
1771381727831,350,0,
1771381727835,352,0,
1771381727839,351,0,
1771381727843,351,0,
1771381727851,350,0,
1771381727855,347,0,
1771381727859,347,0,
1771381727863,345,0,
1771381727872,344,0,
1771381727876,343,0,
1771381727880,346,0,
1771381727884,343,0,
1771381727892,337,0,
1771381727896,331,0,
1771381727900,319,0,
1771381727908,314,0,
1771381727913,319,0,
1771381727917,325,0,
1771381727921,326,0,
1771381727929,328,0,
1771381727933,331,0,
1771381727937,334,0,
1771381727941,339,0,
1771381727949,343,0,
1771381727954,344,0,
1771381727958,344,0,
1771381727966,346,0,
1771381727970,344,0,
1771381727974,341,0,
1771381727978,344,0,
1771381727986,344,0,
1771381727990,344,0,
1771381727995,346,0,
1771381727999,345,0,
1771381728007,345,0,
1771381728011,345,0,
1771381728015,347,0,
1771381728023,346,0,
1771381728027,356,0,
1771381728031,362,0,
1771381728035,351,0,
1771381728044,310,0,
1771381728048,243,0,
1771381728052,130,0,
1771381728056,0,0,
1771381728060,0,0,
1771381728060,0,0,
1771381728064,0,0,
1771381728068,16,0,
1771381728072,129,0,
1771381728081,291,0,
1771381728085,367,0,
1771381728089,367,0,
1771381728097,358,0,
1771381728101,363,0,
1771381728105,370,0,
1771381728109,377,0,
1771381728118,379,0,
1771381728122,381,0,
1771381728126,379,0,
1771381728130,379,0,
1771381728138,380,0,
1771381728142,377,0,
1771381728146,377,0,
1771381728150,376,0,
1771381728158,372,0,
1771381728162,371,0,
1771381728167,369,0,
1771381728175,367,0,
1771381728179,364,0,
1771381728183,363,0,
1771381728187,359,0,
1771381728195,357,0,
1771381728199,355,0,
1771381728203,352,0,
1771381728208,345,0,
1771381728216,342,0,
1771381728220,340,0,
1771381728224,334,0,
1771381728232,330,0,
1771381728236,326,0,
1771381728240,320,0,
1771381728245,315,0,
1771381728253,311,0,
1771381728257,306,0,
1771381728261,303,0,
1771381728265,300,0,
1771381728273,296,0,
1771381728277,295,0,
1771381728281,296,0,
1771381728289,295,0,
1771381728293,294,0,
1771381728298,294,0,
1771381728302,296,0,
1771381728310,296,0,
1771381728314,298,0,
1771381728318,302,0,
1771381728322,306,0,
1771381728330,311,0,
1771381728334,317,0,
1771381728339,321,0,
1771381728343,327,0,
1771381728351,333,0,
1771381728355,336,0,
1771381728359,341,0,
1771381728367,344,0,
1771381728371,349,0,
1771381728376,349,0,
1771381728379,350,0,
1771381728388,353,0,
1771381728392,353,0,
1771381728396,353,0,
1771381728400,353,0,
1771381728408,353,0,
1771381728413,354,0,
1771381728416,356,0,
1771381728425,355,0,
1771381728429,356,0,
1771381728433,356,0,
1771381728437,355,0,
1771381728445,354,0,
1771381728449,355,0,
1771381728453,356,0,
1771381728457,354,0,
1771381728465,356,0,
1771381728470,357,0,
1771381728474,356,0,
1771381728478,355,0,
1771381728486,355,0,
1771381728490,355,0,
1771381728494,356,0,
1771381728502,356,0,
1771381728506,354,0,
1771381728511,355,0,
1771381728515,355,0,
1771381728523,355,0,
1771381728527,355,0,
1771381728531,356,0,
1771381728535,355,0,
1771381728543,354,0,
1771381728547,354,0,
1771381728551,354,0,
1771381728560,353,0,
1771381728564,354,0,
1771381728568,354,0,
1771381728572,352,0,
1771381728580,352,0,
1771381728584,352,0,
1771381728588,351,0,
1771381728592,351,0,
1771381728601,352,0,
1771381728605,352,0,
1771381728609,349,0,
1771381728613,350,0,
1771381728621,351,0,
1771381728625,349,0,
1771381728629,349,0,
1771381728638,348,0,
1771381728642,348,0,
1771381728646,346,0,
1771381728650,344,0,
1771381728658,344,0,
1771381728662,344,0,
1771381728666,344,0,
1771381728670,341,0,
1771381728679,337,0,
1771381728683,330,0,
1771381728687,319,0,
1771381728695,314,0,
1771381728699,319,0,
1771381728703,325,0,
1771381728707,327,0,
1771381728715,329,0,
1771381728719,332,0,
1771381728724,335,0,
1771381728728,339,0,
1771381728736,342,0,
1771381728740,343,0,
1771381728744,344,0,
1771381728752,345,0,
1771381728756,343,0,
1771381728760,343,0,
1771381728765,344,0,
1771381728773,344,0,
1771381728777,343,0,
1771381728781,342,0,
1771381728785,344,0,
1771381728793,345,0,
1771381728797,346,0,
1771381728801,346,0,
1771381728805,347,0,
1771381728814,356,0,
1771381728818,362,0,
1771381728822,349,0,
1771381728830,307,0,
1771381728834,239,0,
1771381728838,123,0,
1771381728842,0,0,
1771381728846,0,0,
1771381728846,0,0,
1771381728850,0,0,
1771381728855,38,0,
1771381728859,161,0,
1771381728867,309,0,
1771381728871,370,0,
1771381728875,365,0,
1771381728879,356,0,
1771381728887,359,0,
1771381728891,368,0,
1771381728896,374,0,
1771381728904,376,0,
1771381728908,377,0,
1771381728912,376,0,
1771381728916,377,0,
1771381728924,375,0,
1771381728928,375,0,
1771381728932,373,0,
1771381728937,369,0,
1771381728945,368,0,
1771381728949,366,0,
1771381728953,364,0,
1771381728961,361,0,
1771381728965,359,0,
1771381728970,356,0,
1771381728973,353,0,
1771381728982,352,0,
1771381728986,348,0,
1771381728990,344,0,
1771381728994,340,0,
1771381729002,336,0,
1771381729006,331,0,
1771381729010,329,0,
1771381729018,324,0,
1771381729023,316,0,
1771381729027,313,0,
1771381729031,307,0,
1771381729039,302,0,
1771381729043,299,0,
1771381729047,298,0,
1771381729051,294,0,
1771381729059,291,0,
1771381729063,290,0,
1771381729068,288,0,
1771381729072,285,0,
1771381729080,285,0,
1771381729084,286,0,
1771381729088,285,0,
1771381729096,288,0,
1771381729100,290,0,
1771381729104,292,0,
1771381729109,297,0,
1771381729117,304,0,
1771381729121,307,0,
1771381729125,313,0,
1771381729129,320,0,
1771381729137,326,0,
1771381729141,330,0,
1771381729145,336,0,
1771381729154,340,0,
1771381729158,341,0,
1771381729162,343,0,
1771381729166,346,0,
1771381729174,346,0,
1771381729178,347,0,
1771381729182,349,0,
1771381729186,347,0,
1771381729194,347,0,
1771381729199,347,0,
1771381729203,348,0,
1771381729207,348,0,
1771381729215,350,0,
1771381729219,351,0,
1771381729223,350,0,
1771381729231,350,0,
1771381729235,350,0,
1771381729240,350,0,
1771381729244,348,0,
1771381729252,349,0,
1771381729256,348,0,
1771381729260,350,0,
1771381729264,351,0,
1771381729272,348,0,
1771381729276,349,0,
1771381729281,350,0,
1771381729289,349,0,
1771381729293,350,0,
1771381729297,351,0,
1771381729301,350,0,
1771381729309,349,0,
1771381729313,348,0,
1771381729318,349,0,
1771381729322,348,0,
1771381729330,351,0,
1771381729334,350,0,
1771381729338,346,0,
1771381729342,349,0,
1771381729350,347,0,
1771381729354,344,0,
1771381729358,345,0,
1771381729367,346,0,
1771381729371,345,0,
1771381729375,345,0,
1771381729379,347,0,
1771381729387,345,0,
1771381729391,343,0,
1771381729395,344,0,
1771381729399,345,0,
1771381729408,342,0,
1771381729412,340,0,
1771381729416,339,0,
1771381729424,338,0,
1771381729428,340,0,
1771381729432,342,0,
1771381729436,338,0,
1771381729444,333,0,
1771381729448,328,0,
1771381729453,318,0,
1771381729457,314,0,
1771381729465,319,0,
1771381729469,324,0,
1771381729473,326,0,
1771381729477,328,0,
1771381729485,330,0,
1771381729489,331,0,
1771381729494,337,0,
1771381729502,339,0,
1771381729506,339,0,
1771381729510,342,0,
1771381729514,341,0,
1771381729522,338,0,
1771381729526,339,0,
1771381729530,340,0,
1771381729535,339,0,
1771381729543,339,0,
1771381729547,340,0,
1771381729551,341,0,
1771381729559,340,0,
1771381729563,340,0,
1771381729567,340,0,
1771381729571,342,0,
1771381729580,354,0,
1771381729584,357,0,
1771381729588,342,0,
1771381729592,299,0,
1771381729600,229,0,
1771381729604,123,0,
1771381729608,8,0,
1771381729608,0,0,
1771381729613,0,0,
1771381729617,9,0,
1771381729621,66,0,
1771381729625,183,0,
1771381729633,321,0,
1771381729637,376,0,
1771381729641,370,0,
1771381729645,356,0,
1771381729653,357,0,
1771381729657,362,0,
1771381729661,368,0,
1771381729666,374,0,
1771381729674,372,0,
1771381729678,371,0,
1771381729682,373,0,
1771381729690,372,0,
1771381729694,370,0,
1771381729698,370,0,
1771381729702,368,0,
1771381729711,367,0,
1771381729715,366,0,
1771381729719,364,0,
1771381729723,361,0,
1771381729731,359,0,
1771381729735,359,0,
1771381729739,353,0,
1771381729747,350,0,
1771381729752,349,0,
1771381729756,344,0,
1771381729760,340,0,
1771381729768,337,0,
1771381729772,333,0,
1771381729776,328,0,
1771381729780,324,0,
1771381729788,319,0,
1771381729793,314,0,
1771381729797,311,0,
1771381729801,308,0,
1771381729810,304,0,
1771381729814,301,0,
1771381729817,299,0,
1771381729825,294,0,
1771381729829,293,0,
1771381729833,294,0,
1771381729838,290,0,
1771381729846,290,0,
1771381729850,290,0,
1771381729854,289,0,
1771381729858,290,0,
1771381729866,295,0,
1771381729870,298,0,
1771381729874,302,0,
1771381729883,310,0,
1771381729887,316,0,
1771381729891,321,0,
1771381729895,328,0,
1771381729903,336,0,
1771381729907,340,0,
1771381729911,344,0,
1771381729915,351,0,
1771381729924,353,0,
1771381729928,354,0,
1771381729932,355,0,
1771381729936,356,0,
1771381729944,357,0,
1771381729948,358,0,
1771381729952,358,0,
1771381729960,358,0,
1771381729965,360,0,
1771381729969,358,0,
1771381729973,358,0,
1771381729981,357,0,
1771381729986,359,0,
1771381729989,357,0,
1771381729993,357,0,
1771381730001,357,0,
1771381730005,355,0,
1771381730010,355,0,
1771381730018,356,0,
1771381730022,356,0,
1771381730026,356,0,
1771381730030,357,0,
1771381730038,357,0,
1771381730042,357,0,
1771381730046,359,0,
1771381730051,360,0,
1771381730059,358,0,
1771381730063,357,0,
1771381730067,358,0,
1771381730072,356,0,
1771381730079,355,0,
1771381730083,357,0,
1771381730087,356,0,
1771381730096,356,0,
1771381730100,358,0,
1771381730104,357,0,
1771381730108,357,0,
1771381730117,357,0,
1771381730121,357,0,
1771381730124,356,0,
1771381730128,356,0,
1771381730137,356,0,
1771381730141,354,0,
1771381730145,354,0,
1771381730153,354,0,
1771381730158,352,0,
1771381730161,353,0,
1771381730165,353,0,
1771381730173,352,0,
1771381730177,348,0,
1771381730182,343,0,
1771381730186,335,0,
1771381730194,326,0,
1771381730198,328,0,
1771381730202,331,0,
1771381730206,334,0,
1771381730214,337,0,
1771381730218,340,0,
1771381730223,339,0,
1771381730231,342,0,
1771381730235,349,0,
1771381730240,350,0,
1771381730243,350,0,
1771381730251,352,0,
1771381730255,350,0,
1771381730260,350,0,
1771381730264,350,0,
1771381730272,349,0,
1771381730276,348,0,
1771381730280,350,0,
1771381730288,351,0,
1771381730292,351,0,
1771381730297,351,0,
1771381730300,352,0,
1771381730309,350,0,
1771381730313,354,0,
1771381730317,363,0,
1771381730321,360,0,
1771381730329,336,0,
1771381730333,285,0,
1771381730337,202,0,
1771381730341,80,0,
1771381730345,0,0,
1771381730349,0,0,
1771381730354,0,0,
1771381730358,13,0,
1771381730362,104,0,
1771381730366,261,0,
1771381730370,361,0,
1771381730378,375,0,
1771381730382,364,0,
1771381730386,362,0,
1771381730390,369,0,
1771381730399,378,0,
1771381730403,381,0,
1771381730407,381,0,
1771381730415,383,0,
1771381730420,382,0,
1771381730423,381,0,
1771381730427,381,0,
1771381730435,380,0,
1771381730440,377,0,
1771381730444,376,0,
1771381730448,374,0,
1771381730456,372,0,
1771381730460,370,0,
1771381730464,370,0,
1771381730468,367,0,
1771381730476,364,0,
1771381730481,363,0,
1771381730485,359,0,
1771381730493,355,0,
1771381730497,352,0,
1771381730501,347,0,
1771381730505,344,0,
1771381730513,340,0,
1771381730517,336,0,
1771381730521,329,0,
1771381730526,325,0,
1771381730534,320,0,
1771381730538,314,0,
1771381730542,310,0,
1771381730550,308,0,
1771381730554,304,0,
1771381730559,300,0,
1771381730563,301,0,
1771381730571,299,0,
1771381730575,298,0,
1771381730579,299,0,
1771381730583,298,0,
1771381730591,298,0,
1771381730595,298,0,
1771381730599,301,0,
1771381730603,303,0,
1771381730612,307,0,
1771381730616,313,0,
1771381730620,317,0,
1771381730628,321,0,
1771381730632,329,0,
1771381730636,332,0,
1771381730640,335,0,
1771381730648,342,0,
1771381730653,345,0,
1771381730657,346,0,
1771381730661,349,0,
1771381730669,350,0,
1771381730673,350,0,
1771381730677,353,0,
1771381730685,354,0,
1771381730689,352,0,
1771381730694,353,0,
1771381730698,357,0,
1771381730706,354,0,
1771381730710,353,0,
1771381730714,355,0,
1771381730718,354,0,
1771381730726,354,0,
1771381730731,357,0,
1771381730735,356,0,
1771381730743,354,0,
1771381730747,356,0,
1771381730751,354,0,
1771381730755,353,0,
1771381730763,354,0,
1771381730767,355,0,
1771381730771,353,0,
1771381730775,354,0,
1771381730784,355,0,
1771381730788,352,0,
1771381730792,351,0,
1771381730796,354,0,
1771381730804,353,0,
1771381730808,352,0,
1771381730812,354,0,
1771381730820,353,0,
1771381730825,353,0,
1771381730829,353,0,
1771381730833,353,0,
1771381730841,351,0,
1771381730845,353,0,
1771381730849,353,0,
1771381730853,351,0,
1771381730861,352,0,
1771381730866,354,0,
1771381730870,350,0,
1771381730878,348,0,
1771381730882,351,0,
1771381730886,348,0,
1771381730890,347,0,
1771381730898,347,0,
1771381730902,347,0,
1771381730907,345,0,
1771381730911,346,0,
1771381730919,343,0,
1771381730923,335,0,
1771381730927,328,0,
1771381730931,320,0,
1771381730939,319,0,
1771381730943,324,0,
1771381730947,330,0,
1771381730956,331,0,
1771381730960,331,0,
1771381730964,337,0,
1771381730968,339,0,
1771381730976,342,0,
1771381730980,345,0,
1771381730984,346,0,
1771381730988,345,0,
1771381730997,346,0,
1771381731001,346,0,
1771381731005,344,0,
1771381731013,347,0,
1771381731017,346,0,
1771381731021,347,0,
1771381731025,346,0,
1771381731033,350,0,
1771381731038,347,0,
1771381731042,346,0,
1771381731046,348,0,
1771381731054,355,0,
1771381731058,361,0,
1771381731062,358,0,
1771381731066,329,0,
1771381731074,270,0,
1771381731079,177,0,
1771381731083,44,0,
1771381731087,0,0,
1771381731091,0,0,
1771381731091,0,0,
1771381731095,3,0,
1771381731099,69,0,
1771381731103,203,0,
1771381731111,337,0,
1771381731115,376,0,
1771381731119,364,0,
1771381731124,359,0,
1771381731132,369,0,
1771381731136,377,0,
1771381731140,380,0,
1771381731148,384,0,
1771381731152,382,0,
1771381731156,381,0,
1771381731160,381,0,
1771381731169,383,0,
1771381731173,381,0,
1771381731177,380,0,
1771381731181,381,0,
1771381731189,377,0,
1771381731193,372,0,
1771381731197,372,0,
1771381731205,368,0,
1771381731210,366,0,
1771381731214,366,0,
1771381731218,362,0,
1771381731226,359,0,
1771381731230,356,0,
1771381731234,352,0,
1771381731238,348,0,
1771381731246,345,0,
1771381731251,340,0,
1771381731255,335,0,
1771381731259,331,0,
1771381731267,328,0,
1771381731271,320,0,
1771381731275,315,0,
1771381731283,313,0,
1771381731288,308,0,
1771381731291,304,0,
1771381731296,303,0,
1771381731304,302,0,
1771381731308,298,0,
1771381731312,299,0,
1771381731316,299,0,
1771381731325,298,0,
1771381731328,298,0,
1771381731332,298,0,
1771381731341,299,0,
1771381731345,303,0,
1771381731349,309,0,
1771381731353,310,0,
1771381731361,316,0,
1771381731365,322,0,
1771381731369,327,0,
1771381731373,332,0,
1771381731382,338,0,
1771381731386,342,0,
1771381731390,345,0,
1771381731394,348,0,
1771381731402,350,0,
1771381731406,351,0,
1771381731410,353,0,
1771381731418,353,0,
1771381731423,354,0,
1771381731427,355,0,
1771381731431,359,0,
1771381731439,356,0,
1771381731443,355,0,
1771381731447,358,0,
1771381731451,356,0,
1771381731459,356,0,
1771381731463,358,0,
1771381731468,357,0,
1771381731476,356,0,
1771381731480,357,0,
1771381731484,356,0,
1771381731488,354,0,
1771381731496,355,0,
1771381731500,355,0,
1771381731504,355,0,
1771381731509,354,0,
1771381731517,357,0,
1771381731521,355,0,
1771381731525,354,0,
1771381731529,356,0,
1771381731537,354,0,
1771381731541,353,0,
1771381731545,355,0,
1771381731554,355,0,
1771381731558,353,0,
1771381731562,355,0,
1771381731566,355,0,
1771381731574,354,0,
1771381731578,354,0,
1771381731582,356,0,
1771381731586,353,0,
1771381731595,353,0,
1771381731599,354,0,
1771381731603,352,0,
1771381731611,351,0,
1771381731615,352,0,
1771381731619,351,0,
1771381731623,351,0,
1771381731632,351,0,
1771381731636,349,0,
1771381731640,346,0,
1771381731644,347,0,
1771381731652,347,0,
1771381731656,345,0,
1771381731660,343,0,
1771381731664,341,0,
1771381731672,331,0,
1771381731676,320,0,
1771381731681,320,0,
1771381731689,322,0,
1771381731693,325,0,
1771381731697,332,0,
1771381731701,333,0,
1771381731709,334,0,
1771381731713,338,0,
1771381731717,343,0,
1771381731721,344,0,
1771381731730,347,0,
1771381731734,348,0,
1771381731738,347,0,
1771381731746,347,0,
1771381731750,349,0,
1771381731754,347,0,
1771381731758,345,0,
1771381731767,349,0,
1771381731771,347,0,
1771381731775,347,0,
1771381731779,349,0,
1771381731787,348,0,
1771381731791,346,0,
1771381731795,352,0,
1771381731803,361,0,
1771381731808,361,0,
1771381731812,343,0,
1771381731816,294,0,
1771381731824,215,0,
1771381731828,92,0,
1771381731828,0,0,
1771381731832,0,0,
1771381731836,0,0,
1771381731840,0,0,
1771381731844,30,0,
1771381731848,152,0,
1771381731853,308,0,
1771381731857,373,0,
1771381731865,368,0,
1771381731869,358,0,
1771381731873,363,0,
1771381731881,373,0,
1771381731885,377,0,
1771381731889,380,0,
1771381731894,380,0,
1771381731902,380,0,
1771381731906,379,0,
1771381731910,377,0,
1771381731914,380,0,
1771381731922,377,0,
1771381731926,372,0,
1771381731930,373,0,
1771381731939,370,0,
1771381731943,367,0,
1771381731947,365,0,
1771381731951,361,0,
1771381731959,358,0,
1771381731963,355,0,
1771381731967,351,0,
1771381731971,348,0,
1771381731980,351,0,
1771381731984,347,0,
1771381731988,343,0,
1771381731992,338,0,
1771381732000,334,0,
1771381732004,329,0,
1771381732008,324,0,
1771381732016,321,0,
1771381732021,316,0,
1771381732025,310,0,
1771381732029,306,0,
1771381732037,304,0,
1771381732041,300,0,
1771381732045,299,0,
1771381732049,297,0,
1771381732057,293,0,
1771381732061,292,0,
1771381732066,292,0,
1771381732074,286,0,
1771381732078,284,0,
1771381732082,294,0,
1771381732086,301,0,
1771381732094,306,0,
1771381732098,312,0,
1771381732102,316,0,
1771381732107,320,0,
1771381732115,325,0,
1771381732119,328,0,
1771381732124,333,0,
1771381732127,339,0,
1771381732135,344,0,
1771381732139,347,0,
1771381732143,349,0,
1771381732152,351,0,
1771381732156,349,0,
1771381732160,351,0,
1771381732164,355,0,
1771381732172,354,0,
1771381732176,357,0,
1771381732181,357,0,
1771381732184,356,0,
1771381732193,355,0,
1771381732197,356,0,
1771381732201,354,0,
1771381732209,352,0,
1771381732213,353,0,
1771381732217,356,0,
1771381732221,356,0,
1771381732229,359,0,
1771381732233,360,0,
1771381732238,357,0,
1771381732242,355,0,
1771381732250,356,0,
1771381732254,354,0,
1771381732258,354,0,
1771381732262,357,0,
1771381732270,357,0,
1771381732274,355,0,
1771381732279,355,0,
1771381732287,354,0,
1771381732291,354,0,
1771381732295,355,0,
1771381732299,357,0,
1771381732307,354,0,
1771381732311,354,0,
1771381732315,356,0,
1771381732320,352,0,
1771381732328,352,0,
1771381732332,356,0,
1771381732336,351,0,
1771381732344,350,0,
1771381732348,351,0,
1771381732352,350,0,
1771381732356,349,0,
1771381732365,349,0,
1771381732369,349,0,
1771381732373,349,0,
1771381732377,349,0,
1771381732385,346,0,
1771381732389,343,0,
1771381732393,344,0,
1771381732401,347,0,
1771381732406,343,0,
1771381732410,340,0,
1771381732414,338,0,
1771381732422,332,0,
1771381732426,321,0,
1771381732430,316,0,
1771381732434,318,0,
1771381732442,323,0,
1771381732446,328,0,
1771381732451,329,0,
1771381732455,330,0,
1771381732463,334,0,
1771381732467,336,0,
1771381732471,340,0,
1771381732479,341,0,
1771381732483,343,0,
1771381732487,342,0,
1771381732492,341,0,
1771381732500,343,0,
1771381732504,341,0,
1771381732508,340,0,
1771381732512,344,0,
1771381732520,343,0,
1771381732524,342,0,
1771381732528,343,0,
1771381732537,341,0,
1771381732541,339,0,
1771381732545,342,0,
1771381732549,355,0,
1771381732557,362,0,
1771381732561,357,0,
1771381732565,325,0,
1771381732569,265,0,
1771381732577,169,0,
1771381732582,50,0,
1771381732582,0,0,
1771381732586,0,0,
1771381732590,12,0,
1771381732594,95,0,
1771381732602,213,0,
1771381732606,338,0,
1771381732610,378,0,
1771381732614,365,0,
1771381732623,351,0,
1771381732627,353,0,
1771381732631,363,0,
1771381732635,368,0,
1771381732643,368,0,
1771381732647,369,0,
1771381732651,369,0,
1771381732655,367,0,
1771381732664,367,0,
1771381732668,367,0,
1771381732672,365,0,
1771381732680,363,0,
1771381732684,360,0,
1771381732688,357,0,
1771381732692,357,0,
1771381732700,357,0,
1771381732704,354,0,
1771381732709,351,0,
1771381732713,350,0,
1771381732721,347,0,
1771381732725,343,0,
1771381732729,339,0,
1771381732737,336,0,
1771381732741,330,0,
1771381732745,327,0,
1771381732750,323,0,
1771381732758,316,0,
1771381732762,312,0,
1771381732766,308,0,
1771381732770,303,0,
1771381732778,299,0,
1771381732782,295,0,
1771381732786,289,0,
1771381732791,287,0,
1771381732799,286,0,
1771381732803,284,0,
1771381732807,280,0,
1771381732815,278,0,
1771381732819,278,0,
1771381732823,276,0,
1771381732827,278,0,
1771381732836,280,0,
1771381732840,282,0,
1771381732844,288,0,
1771381732848,294,0,
1771381732856,299,0,
1771381732860,305,0,
1771381732864,312,0,
1771381732872,317,0,
1771381732876,325,0,
1771381732881,331,0,
1771381732885,336,0,
1771381732893,340,0,
1771381732897,342,0,
1771381732901,344,0,
1771381732905,346,0,
1771381732914,349,0,
1771381732918,349,0,
1771381732922,347,0,
1771381732930,350,0,
1771381732934,352,0,
1771381732938,350,0,
1771381732942,352,0,
1771381732950,352,0,
1771381732954,352,0,
1771381732959,350,0,
1771381732963,349,0,
1771381732971,351,0,
1771381732975,350,0,
1771381732979,351,0,
1771381732983,352,0,
1771381732991,351,0,
1771381732995,353,0,
1771381732999,352,0,
1771381733008,351,0,
1771381733012,352,0,
1771381733016,353,0,
1771381733020,352,0,
1771381733028,351,0,
1771381733032,351,0,
1771381733036,352,0,
1771381733040,350,0,
1771381733049,350,0,
1771381733053,351,0,
1771381733057,350,0,
1771381733065,350,0,
1771381733069,350,0,
1771381733073,349,0,
1771381733077,350,0,
1771381733086,350,0,
1771381733090,348,0,
1771381733094,348,0,
1771381733098,350,0,
1771381733106,347,0,
1771381733110,348,0,
1771381733114,349,0,
1771381733119,349,0,
1771381733126,345,0,
1771381733130,344,0,
1771381733135,345,0,
1771381733143,344,0,
1771381733147,344,0,
1771381733151,344,0,
1771381733155,339,0,
1771381733163,335,0,
1771381733167,326,0,
1771381733171,319,0,
1771381733175,322,0,
1771381733184,326,0,
1771381733188,327,0,
1771381733192,329,0,
1771381733200,333,0,
1771381733204,337,0,
1771381733208,338,0,
1771381733212,341,0,
1771381733221,343,0,
1771381733225,342,0,
1771381733229,344,0,
1771381733233,345,0,
1771381733241,344,0,
1771381733245,344,0,
1771381733249,345,0,
1771381733253,344,0,
1771381733261,345,0,
1771381733266,346,0,
1771381733270,344,0,
1771381733278,345,0,
1771381733282,344,0,
1771381733286,347,0,
1771381733290,355,0,
1771381733298,362,0,
1771381733302,355,0,
1771381733307,318,0,
1771381733311,258,0,
1771381733319,164,0,
1771381733323,43,0,
1771381733323,0,0,
1771381733327,0,0,
1771381733331,11,0,
1771381733335,89,0,
1771381733343,207,0,
1771381733347,335,0,
1771381733352,379,0,
1771381733356,369,0,
1771381733364,358,0,
1771381733368,359,0,
1771381733372,368,0,
1771381733376,373,0,
1771381733384,375,0,
1771381733388,376,0,
1771381733393,375,0,
1771381733401,374,0,
1771381733405,374,0,
1771381733409,374,0,
1771381733413,374,0,
1771381733421,372,0,
1771381733425,369,0,
1771381733429,369,0,
1771381733434,367,0,
1771381733442,367,0,
1771381733446,364,0,
1771381733450,361,0,
1771381733454,359,0,
1771381733462,355,0,
1771381733466,353,0,
1771381733470,350,0,
1771381733479,345,0,
1771381733483,342,0,
1771381733487,338,0,
1771381733491,332,0,
1771381733499,328,0,
1771381733503,324,0,
1771381733507,319,0,
1771381733511,316,0,
1771381733520,312,0,
1771381733524,309,0,
1771381733528,305,0,
1771381733536,302,0,
1771381733540,299,0,
1771381733544,297,0,
1771381733548,296,0,
1771381733556,295,0,
1771381733560,294,0,
1771381733565,295,0,
1771381733569,293,0,
1771381733577,294,0,
1771381733581,298,0,
1771381733585,303,0,
1771381733593,306,0,
1771381733598,312,0,
1771381733601,319,0,
1771381733606,324,0,
1771381733614,331,0,
1771381733618,336,0,
1771381733622,343,0,
1771381733626,348,0,
1771381733634,352,0,
1771381733638,353,0,
1771381733642,355,0,
1771381733646,357,0,
1771381733655,357,0,
1771381733659,359,0,
1771381733663,361,0,
1771381733671,360,0,
1771381733676,359,0,
1771381733679,360,0,
1771381733683,358,0,
1771381733692,360,0,
1771381733696,360,0,
1771381733700,359,0,
1771381733704,358,0,
1771381733712,358,0,
1771381733716,360,0,
1771381733720,360,0,
1771381733729,360,0,
1771381733733,360,0,
1771381733737,359,0,
1771381733741,360,0,
1771381733749,360,0,
1771381733753,360,0,
1771381733757,359,0,
1771381733761,360,0,
1771381733769,358,0,
1771381733773,357,0,
1771381733778,357,0,
1771381733782,357,0,
1771381733790,357,0,
1771381733794,359,0,
1771381733798,359,0,
1771381733806,358,0,
1771381733810,359,0,
1771381733814,358,0,
1771381733819,358,0,
1771381733827,358,0,
1771381733831,358,0,
1771381733835,356,0,
1771381733839,357,0,
1771381733847,356,0,
1771381733851,353,0,
1771381733855,352,0,
1771381733864,353,0,
1771381733868,352,0,
1771381733872,351,0,
1771381733876,349,0,
1771381733885,346,0,
1771381733889,338,0,
1771381733892,327,0,
1771381733896,325,0,
1771381733905,328,0,
1771381733909,332,0,
1771381733913,337,0,
1771381733917,338,0,
1771381733925,340,0,
1771381733929,343,0,
1771381733933,346,0,
1771381733941,350,0,
1771381733945,352,0,
1771381733950,353,0,
1771381733954,351,0,
1771381733962,350,0,
1771381733966,352,0,
1771381733970,352,0,
1771381733974,351,0,
1771381733982,352,0,
1771381733986,352,0,
1771381733990,352,0,
1771381733999,353,0,
1771381734003,353,0,
1771381734007,353,0,
1771381734011,354,0,
1771381734019,362,0,
1771381734023,366,0,
1771381734027,352,0,
1771381734031,312,0,
1771381734040,245,0,
1771381734044,137,0,
1771381734048,10,0,
1771381734052,0,0,
1771381734052,0,0,
1771381734056,0,0,
1771381734060,56,0,
1771381734069,180,0,
1771381734073,322,0,
1771381734077,374,0,
1771381734081,368,0,
1771381734089,363,0,
1771381734093,368,0,
1771381734097,376,0,
1771381734101,382,0,
1771381734109,384,0,
1771381734113,385,0,
1771381734117,384,0,
1771381734126,382,0,
1771381734130,383,0,
1771381734134,382,0,
1771381734138,379,0,
1771381734146,380,0,
1771381734150,379,0,
1771381734154,375,0,
1771381734158,374,0,
1771381734167,373,0,
1771381734171,372,0,
1771381734175,367,0,
1771381734179,365,0,
1771381734187,362,0,
1771381734191,357,0,
1771381734195,355,0,
1771381734204,351,0,
1771381734208,347,0,
1771381734212,344,0,
1771381734216,340,0,
1771381734225,333,0,
1771381734228,329,0,
1771381734232,325,0,
1771381734236,320,0,
1771381734245,317,0,
1771381734249,314,0,
1771381734253,310,0,
1771381734261,307,0,
1771381734265,305,0,
1771381734269,303,0,
1771381734273,301,0,
1771381734281,301,0,
1771381734285,301,0,
1771381734289,300,0,
1771381734294,300,0,
1771381734302,303,0,
1771381734306,303,0,
1771381734310,308,0,
1771381734314,313,0,
1771381734322,315,0,
1771381734326,321,0,
1771381734331,326,0,
1771381734339,331,0,
1771381734343,336,0,
1771381734347,342,0,
1771381734351,345,0,
1771381734359,346,0,
1771381734364,348,0,
1771381734367,350,0,
1771381734371,352,0,
1771381734380,354,0,
1771381734384,354,0,
1771381734388,354,0,
1771381734396,355,0,
1771381734400,356,0,
1771381734404,356,0,
1771381734408,356,0,
1771381734416,355,0,
1771381734421,356,0,
1771381734425,354,0,
1771381734429,355,0,
1771381734437,356,0,
1771381734441,355,0,
1771381734445,356,0,
1771381734449,356,0,
1771381734457,355,0,
1771381734462,356,0,
1771381734466,355,0,
1771381734474,353,0,
1771381734478,354,0,
1771381734482,355,0,
1771381734486,356,0,
1771381734494,355,0,
1771381734498,354,0,
1771381734502,356,0,
1771381734507,354,0,
1771381734515,355,0,
1771381734519,354,0,
1771381734523,352,0,
1771381734531,352,0,
1771381734535,352,0,
1771381734539,353,0,
1771381734543,353,0,
1771381734552,352,0,
1771381734556,350,0,
1771381734560,352,0,
1771381734564,351,0,
1771381734572,352,0,
1771381734576,350,0,
1771381734580,347,0,
1771381734588,348,0,
1771381734593,347,0,
1771381734597,349,0,
1771381734601,345,0,
1771381734609,338,0,
1771381734613,332,0,
1771381734617,321,0,
1771381734622,318,0,
1771381734630,322,0,
1771381734634,329,0,
1771381734638,330,0,
1771381734642,333,0,
1771381734650,335,0,
1771381734654,339,0,
1771381734658,343,0,
1771381734666,345,0,
1771381734670,347,0,
1771381734675,347,0,
1771381734679,349,0,
1771381734687,348,0,
1771381734691,347,0,
1771381734695,348,0,
1771381734699,348,0,
1771381734707,347,0,
1771381734711,348,0,
1771381734715,349,0,
1771381734724,348,0,
1771381734728,348,0,
1771381734732,347,0,
1771381734736,352,0,
1771381734744,361,0,
1771381734748,362,0,
1771381734752,344,0,
1771381734756,296,0,
1771381734765,222,0,
1771381734769,102,0,
1771381734773,0,0,
1771381734773,0,0,
1771381734777,0,0,
1771381734781,0,0,
1771381734785,44,0,
1771381734789,171,0,
1771381734797,322,0,
1771381734801,374,0,
1771381734806,365,0,
1771381734810,360,0,
1771381734818,366,0,
1771381734822,373,0,
1771381734826,381,0,
1771381734830,381,0,
1771381734838,379,0,
1771381734842,380,0,
1771381734846,381,0,
1771381734855,380,0,
1771381734859,378,0,
1771381734863,378,0,
1771381734867,375,0,
1771381734875,373,0,
1771381734879,371,0,
1771381734883,370,0,
1771381734887,367,0,
1771381734896,366,0,
1771381734900,363,0,
1771381734904,359,0,
1771381734908,357,0,
1771381734916,355,0,
1771381734920,349,0,
1771381734924,345,0,
1771381734933,341,0,
1771381734937,337,0,
1771381734941,332,0,
1771381734945,329,0,
1771381734953,324,0,
1771381734957,319,0,
1771381734961,315,0,
1771381734965,311,0,
1771381734974,306,0,
1771381734978,304,0,
1771381734982,301,0,
1771381734990,296,0,
1771381734994,296,0,
1771381734998,296,0,
1771381735002,294,0,
1771381735010,294,0,
1771381735014,293,0,
1771381735019,292,0,
1771381735023,293,0,
1771381735031,296,0,
1771381735035,301,0,
1771381735039,304,0,
1771381735043,309,0,
1771381735051,315,0,
1771381735055,320,0,
1771381735059,328,0,
1771381735068,333,0,
1771381735072,336,0,
1771381735076,341,0,
1771381735080,345,0,
1771381735088,346,0,
1771381735092,348,0,
1771381735096,350,0,
1771381735100,350,0,
1771381735109,351,0,
1771381735113,352,0,
1771381735117,353,0,
1771381735125,353,0,
1771381735129,353,0,
1771381735133,355,0,
1771381735137,352,0,
1771381735145,355,0,
1771381735150,354,0,
1771381735154,353,0,
1771381735158,354,0,
1771381735166,354,0,
1771381735170,353,0,
1771381735174,355,0,
1771381735178,355,0,
1771381735187,354,0,
1771381735191,352,0,
1771381735195,353,0,
1771381735203,352,0,
1771381735207,351,0,
1771381735211,353,0,
1771381735215,353,0,
1771381735223,352,0,
1771381735227,354,0,
1771381735231,353,0,
1771381735236,351,0,
1771381735244,352,0,
1771381735248,351,0,
1771381735252,351,0,
1771381735260,351,0,
1771381735264,352,0,
1771381735268,351,0,
1771381735272,350,0,
1771381735281,352,0,
1771381735285,352,0,
1771381735289,350,0,
1771381735293,352,0,
1771381735301,350,0,
1771381735305,347,0,
1771381735310,346,0,
1771381735318,345,0,
1771381735322,344,0,
1771381735326,345,0,
1771381735330,345,0,
1771381735338,338,0,
1771381735342,332,0,
1771381735346,322,0,
1771381735350,317,0,
1771381735358,319,0,
1771381735363,325,0,
1771381735367,330,0,
1771381735371,331,0,
1771381735379,335,0,
1771381735383,337,0,
1771381735387,340,0,
1771381735395,345,0,
1771381735399,346,0,
1771381735404,345,0,
1771381735408,345,0,
1771381735416,346,0,
1771381735420,347,0,
1771381735424,346,0,
1771381735428,346,0,
1771381735436,346,0,
1771381735440,345,0,
1771381735444,347,0,
1771381735453,348,0,
1771381735457,346,0,
1771381735461,347,0,
1771381735465,349,0,
1771381735473,356,0,
1771381735477,362,0,
1771381735481,350,0,
1771381735485,307,0,
1771381735494,240,0,
1771381735498,129,0,
1771381735502,1,0,
1771381735502,0,0,
1771381735506,0,0,
1771381735510,0,0,
1771381735514,33,0,
1771381735518,153,0,
1771381735526,306,0,
1771381735530,373,0,
1771381735535,367,0,
1771381735539,356,0,
1771381735547,360,0,
1771381735551,371,0,
1771381735555,375,0,
1771381735559,379,0,
1771381735567,380,0,
1771381735571,378,0,
1771381735576,379,0,
1771381735584,380,0,
1771381735588,377,0,
1771381735592,375,0,
1771381735596,375,0,
1771381735604,373,0,
1771381735608,371,0,
1771381735612,368,0,
1771381735616,368,0,
1771381735625,362,0,
1771381735629,361,0,
1771381735633,360,0,
1771381735637,355,0,
1771381735645,353,0,
1771381735649,350,0,
1771381735653,345,0,
1771381735662,342,0,
1771381735666,338,0,
1771381735670,332,0,
1771381735674,328,0,
1771381735682,324,0,
1771381735686,317,0,
1771381735690,313,0,
1771381735694,311,0,
1771381735702,309,0,
1771381735707,302,0,
1771381735711,299,0,
1771381735719,297,0,
1771381735723,294,0,
1771381735727,293,0,
1771381735731,292,0,
1771381735739,289,0,
1771381735743,288,0,
1771381735748,288,0,
1771381735752,289,0,
1771381735760,291,0,
1771381735764,296,0,
1771381735768,300,0,
1771381735772,305,0,
1771381735780,313,0,
1771381735784,319,0,
1771381735789,322,0,
1771381735797,327,0,
1771381735801,336,0,
1771381735805,338,0,
1771381735809,343,0,
1771381735818,348,0,
1771381735822,348,0,
1771381735825,349,0,
1771381735829,351,0,
1771381735838,351,0,
1771381735842,352,0,
1771381735846,354,0,
1771381735854,354,0,
1771381735858,354,0,
1771381735862,355,0,
1771381735866,356,0,
1771381735874,353,0,
1771381735879,353,0,
1771381735883,355,0,
1771381735887,354,0,
1771381735895,354,0,
1771381735899,355,0,
1771381735903,354,0,
1771381735907,354,0,
1771381735915,355,0,
1771381735920,353,0,
1771381735924,353,0,
1771381735932,354,0,
1771381735936,353,0,
1771381735940,352,0,
1771381735944,353,0,
1771381735952,354,0,
1771381735956,352,0,
1771381735961,351,0,
1771381735965,352,0,
1771381735973,351,0,
1771381735977,352,0,
1771381735981,353,0,
1771381735989,350,0,
1771381735993,351,0,
1771381735998,351,0,
1771381736001,349,0,
1771381736010,350,0,
1771381736014,351,0,
1771381736018,351,0,
1771381736022,349,0,
1771381736030,348,0,
1771381736034,349,0,
1771381736038,346,0,
1771381736047,345,0,
1771381736051,345,0,
1771381736055,344,0,
1771381736059,344,0,
1771381736067,344,0,
1771381736071,340,0,
1771381736075,335,0,
1771381736079,327,0,
1771381736087,317,0,
1771381736092,314,0,
1771381736096,321,0,
1771381736100,326,0,
1771381736108,327,0,
1771381736112,330,0,
1771381736116,333,0,
1771381736124,335,0,
1771381736128,341,0,
1771381736133,343,0,
1771381736137,343,0,
1771381736145,344,0,
1771381736149,343,0,
1771381736153,342,0,
1771381736157,344,0,
1771381736165,345,0,
1771381736169,344,0,
1771381736173,344,0,
1771381736182,344,0,
1771381736186,344,0,
1771381736190,342,0,
1771381736194,343,0,
1771381736202,344,0,
1771381736206,347,0,
1771381736210,359,0,
1771381736214,364,0,
1771381736223,343,0,
1771381736227,296,0,
1771381736231,223,0,
1771381736235,110,0,
1771381736239,1,0,
1771381736243,0,0,
1771381736247,0,0,
1771381736251,38,0,
1771381736255,138,0,
1771381736259,287,0,
1771381736268,373,0,
1771381736272,377,0,
1771381736276,357,0,
1771381736280,353,0,
1771381736288,360,0,
1771381736292,366,0,
1771381736296,370,0,
1771381736300,372,0,
1771381736309,371,0,
1771381736313,371,0,
1771381736317,370,0,
1771381736325,368,0,
1771381736329,369,0,
1771381736333,367,0,
1771381736337,363,0,
1771381736346,363,0,
1771381736350,361,0,
1771381736354,360,0,
1771381736358,356,0,
1771381736366,355,0,
1771381736370,352,0,
1771381736374,349,0,
1771381736382,348,0,
1771381736386,344,0,
1771381736391,339,0,
1771381736395,336,0,
1771381736403,333,0,
1771381736407,327,0,
1771381736411,321,0,
1771381736415,316,0,
1771381736423,310,0,
1771381736427,307,0,
1771381736432,303,0,
1771381736436,300,0,
1771381736444,294,0,
1771381736448,292,0,
1771381736452,289,0,
1771381736460,286,0,
1771381736464,284,0,
1771381736468,282,0,
1771381736472,279,0,
1771381736481,279,0,
1771381736485,278,0,
1771381736489,279,0,
1771381736493,282,0,
1771381736501,286,0,
1771381736505,291,0,
1771381736509,298,0,
1771381736518,303,0,
1771381736522,310,0,
1771381736526,317,0,
1771381736530,325,0,
1771381736538,331,0,
1771381736542,336,0,
1771381736546,340,0,
1771381736550,344,0,
1771381736558,344,0,
1771381736563,346,0,
1771381736567,347,0,
1771381736571,348,0,
1771381736579,350,0,
1771381736583,351,0,
1771381736587,351,0,
1771381736595,351,0,
1771381736600,352,0,
1771381736604,352,0,
1771381736608,352,0,
1771381736616,352,0,
1771381736620,351,0,
1771381736624,351,0,
1771381736628,352,0,
1771381736636,352,0,
1771381736640,352,0,
1771381736644,353,0,
1771381736653,352,0,
1771381736657,351,0,
1771381736661,352,0,
1771381736665,352,0,
1771381736673,352,0,
1771381736677,352,0,
1771381736681,352,0,
1771381736685,353,0,
1771381736694,354,0,
1771381736698,353,0,
1771381736702,352,0,
1771381736706,351,0,
1771381736714,352,0,
1771381736718,352,0,
1771381736722,351,0,
1771381736730,352,0,
1771381736735,351,0,
1771381736739,351,0,
1771381736743,352,0,
1771381736751,353,0,
1771381736755,351,0,
1771381736759,350,0,
1771381736763,349,0,
1771381736771,350,0,
1771381736775,349,0,
1771381736780,348,0,
1771381736788,347,0,
1771381736792,346,0,
1771381736796,347,0,
1771381736800,347,0,
1771381736808,342,0,
1771381736812,337,0,
1771381736816,330,0,
1771381736821,320,0,
1771381736829,322,0,
1771381736833,327,0,
1771381736837,332,0,
1771381736845,333,0,
1771381736849,334,0,
1771381736853,338,0,
1771381736857,341,0,
1771381736866,346,0,
1771381736870,347,0,
1771381736874,346,0,
1771381736878,346,0,
1771381736886,346,0,
1771381736890,346,0,
1771381736894,347,0,
1771381736898,346,0,
1771381736907,346,0,
1771381736911,347,0,
1771381736915,346,0,
1771381736923,347,0,
1771381736927,348,0,
1771381736931,347,0,
1771381736935,347,0,
1771381736943,354,0,
1771381736947,362,0,
1771381736952,358,0,
1771381736956,326,0,
1771381736964,270,0,
1771381736968,183,0,
1771381736972,64,0,
1771381736976,0,0,
1771381736980,0,0,
1771381736980,8,0,
1771381736984,59,0,
1771381736993,165,0,
1771381736997,305,0,
1771381737001,377,0,
1771381737005,374,0,
1771381737013,361,0,
1771381737017,362,0,
1771381737021,368,0,
1771381737025,375,0,
1771381737034,378,0,
1771381737038,377,0,
1771381737042,378,0,
1771381737050,379,0,
1771381737054,377,0,
1771381737058,375,0,
1771381737062,376,0,
1771381737070,373,0,
1771381737075,373,0,
1771381737079,370,0,
1771381737083,371,0,
1771381737091,367,0,
1771381737095,365,0,
1771381737099,364,0,
1771381737103,360,0,
1771381737111,358,0,
1771381737116,356,0,
1771381737120,351,0,
1771381737128,349,0,
1771381737132,347,0,
1771381737136,341,0,
1771381737140,336,0,
1771381737148,333,0,
1771381737152,329,0,
1771381737156,323,0,
1771381737161,318,0,
1771381737169,315,0,
1771381737173,309,0,
1771381737177,306,0,
1771381737185,305,0,
1771381737189,301,0,
1771381737194,300,0,
1771381737197,299,0,
1771381737206,296,0,
1771381737210,295,0,
1771381737214,295,0,
1771381737218,294,0,
1771381737226,294,0,
1771381737230,299,0,
1771381737234,303,0,
1771381737242,306,0,
1771381737247,312,0,
1771381737251,318,0,
1771381737255,322,0,
1771381737263,330,0,
1771381737267,337,0,
1771381737271,341,0,
1771381737275,347,0,
1771381737283,352,0,
1771381737288,353,0,
1771381737292,356,0,
1771381737296,357,0,
1771381737304,357,0,
1771381737308,357,0,
1771381737312,360,0,
1771381737320,361,0,
1771381737324,359,0,
1771381737329,359,0,
1771381737333,360,0,
1771381737341,359,0,
1771381737345,359,0,
1771381737349,360,0,
1771381737353,358,0,
1771381737361,359,0,
1771381737365,360,0,
1771381737370,359,0,
1771381737378,358,0,
1771381737382,358,0,
1771381737386,358,0,
1771381737390,358,0,
1771381737398,358,0,
1771381737402,360,0,
1771381737406,358,0,
1771381737410,358,0,
1771381737419,358,0,
1771381737423,357,0,
1771381737427,358,0,
1771381737431,358,0,
1771381737439,357,0,
1771381737443,357,0,
1771381737447,358,0,
1771381737455,357,0,
1771381737460,357,0,
1771381737464,359,0,
1771381737468,356,0,
1771381737476,355,0,
1771381737480,356,0,
1771381737484,357,0,
1771381737488,354,0,
1771381737496,355,0,
1771381737500,354,0,
1771381737505,352,0,
1771381737514,352,0,
1771381737517,352,0,
1771381737521,350,0,
1771381737525,349,0,
1771381737533,344,0,
1771381737537,336,0,
1771381737541,327,0,
1771381737545,325,0,
1771381737554,327,0,
1771381737558,333,0,
1771381737562,336,0,
1771381737566,338,0,
1771381737574,339,0,
1771381737578,342,0,
1771381737582,347,0,
1771381737591,348,0,
1771381737595,351,0,
1771381737599,352,0,
1771381737603,350,0,
1771381737611,351,0,
1771381737615,351,0,
1771381737619,350,0,
1771381737623,351,0,
1771381737632,351,0,
1771381737636,348,0,
1771381737640,349,0,
1771381737648,350,0,
1771381737652,351,0,
1771381737656,349,0,
1771381737660,354,0,
1771381737668,364,0,
1771381737672,362,0,
1771381737677,343,0,
1771381737681,296,0,
1771381737689,220,0,
1771381737693,104,0,
1771381737697,0,0,
1771381737697,0,0,
1771381737701,0,0,
1771381737705,14,0,
1771381737713,109,0,
1771381737718,263,0,
1771381737722,361,0,
1771381737726,371,0,
1771381737734,360,0,
1771381737738,363,0,
1771381737742,370,0,
1771381737746,376,0,
1771381737754,379,0,
1771381737758,381,0,
1771381737763,383,0,
1771381737767,381,0,
1771381737775,380,0,
1771381737779,381,0,
1771381737783,379,0,
1771381737791,379,0,
1771381737795,377,0,
1771381737799,375,0,
1771381737804,375,0,
1771381737812,372,0,
1771381737816,367,0,
1771381737820,365,0,
1771381737824,363,0,
1771381737833,361,0,
1771381737836,357,0,
1771381737840,354,0,
1771381737849,351,0,
1771381737853,347,0,
1771381737857,342,0,
1771381737861,339,0,
1771381737869,334,0,
1771381737873,329,0,
1771381737877,326,0,
1771381737881,321,0,
1771381737890,316,0,
1771381737894,312,0,
1771381737898,308,0,
1771381737906,306,0,
1771381737910,303,0,
1771381737914,301,0,
1771381737918,300,0,
1771381737927,300,0,
1771381737931,300,0,
1771381737935,298,0,
1771381737939,298,0,
1771381737947,298,0,
1771381737951,299,0,
1771381737955,300,0,
1771381737960,307,0,
1771381737967,312,0,
1771381737972,316,0,
1771381737976,321,0,
1771381737984,325,0,
1771381737988,331,0,
1771381737992,335,0,
1771381737996,340,0,
1771381738004,343,0,
1771381738008,345,0,
1771381738012,347,0,
1771381738017,348,0,
1771381738025,349,0,
1771381738029,350,0,
1771381738033,351,0,
1771381738041,349,0,
1771381738045,352,0,
1771381738049,353,0,
1771381738053,354,0,
1771381738062,353,0,
1771381738066,352,0,
1771381738070,352,0,
1771381738074,353,0,
1771381738082,353,0,
1771381738086,353,0,
1771381738090,353,0,
1771381738094,354,0,
1771381738103,353,0,
1771381738107,352,0,
1771381738111,353,0,
1771381738119,353,0,
1771381738123,352,0,
1771381738127,352,0,
1771381738131,352,0,
1771381738139,353,0,
1771381738144,352,0,
1771381738148,352,0,
1771381738152,352,0,
1771381738160,351,0,
1771381738164,351,0,
1771381738168,350,0,
1771381738176,348,0,
1771381738180,351,0,
1771381738184,351,0,
1771381738189,350,0,
1771381738197,350,0,
1771381738201,350,0,
1771381738205,350,0,
1771381738209,350,0,
1771381738217,349,0,
1771381738221,350,0,
1771381738225,348,0,
1771381738229,348,0,
1771381738238,347,0,
1771381738242,345,0,
1771381738246,346,0,
1771381738254,344,0,
1771381738258,344,0,
1771381738262,344,0,
1771381738266,339,0,
1771381738275,332,0,
1771381738279,323,0,
1771381738283,317,0,
1771381738287,320,0,
1771381738295,323,0,
1771381738299,328,0,
1771381738303,331,0,
1771381738311,332,0,
1771381738315,335,0,
1771381738320,339,0,
1771381738324,342,0,
1771381738332,344,0,
1771381738336,345,0,
1771381738340,345,0,
1771381738344,345,0,
1771381738352,345,0,
1771381738357,343,0,
1771381738361,345,0,
1771381738369,346,0,
1771381738373,347,0,
1771381738377,347,0,
1771381738381,346,0,
1771381738389,346,0,
1771381738393,346,0,
1771381738397,348,0,
1771381738402,356,0,
1771381738410,361,0,
1771381738414,350,0,
1771381738418,310,0,
1771381738422,246,0,
1771381738430,142,0,
1771381738434,11,0,
1771381738438,0,0,
1771381738438,0,0,
1771381738443,0,0,
1771381738447,31,0,
1771381738451,153,0,
1771381738459,306,0,
1771381738464,369,0,
1771381738467,366,0,
1771381738472,357,0,
1771381738479,363,0,
1771381738484,372,0,
1771381738488,377,0,
1771381738492,380,0,
1771381738500,382,0,
1771381738505,381,0,
1771381738508,382,0,
1771381738516,380,0,
1771381738520,378,0,
1771381738524,378,0,
1771381738528,378,0,
1771381738537,377,0,
1771381738541,373,0,
1771381738545,371,0,
1771381738549,370,0,
1771381738557,366,0,
1771381738561,364,0,
1771381738565,362,0,
1771381738574,359,0,
1771381738578,357,0,
1771381738582,354,0,
1771381738586,349,0,
1771381738594,345,0,
1771381738598,340,0,
1771381738602,336,0,
1771381738606,331,0,
1771381738615,328,0,
1771381738619,324,0,
1771381738623,319,0,
1771381738627,313,0,
1771381738635,310,0,
1771381738639,307,0,
1771381738643,305,0,
1771381738652,304,0,
1771381738656,300,0,
1771381738660,298,0,
1771381738664,299,0,
1771381738672,296,0,
1771381738676,296,0,
1771381738680,296,0,
1771381738684,294,0,
1771381738693,297,0,
1771381738697,302,0,
1771381738701,308,0,
1771381738709,311,0,
1771381738713,316,0,
1771381738717,322,0,
1771381738721,326,0,
1771381738729,332,0,
1771381738733,337,0,
1771381738737,340,0,
1771381738741,344,0,
1771381738750,346,0,
1771381738754,347,0,
1771381738758,349,0,
1771381738766,351,0,
1771381738770,353,0,
1771381738774,351,0,
1771381738778,351,0,
1771381738787,354,0,
1771381738791,353,0,
1771381738795,354,0,
1771381738799,354,0,
1771381738807,354,0,
1771381738811,355,0,
1771381738815,355,0,
1771381738819,354,0,
1771381738828,356,0,
1771381738832,356,0,
1771381738836,353,0,
1771381738844,354,0,
1771381738848,355,0,
1771381738852,355,0,
1771381738856,353,0,
1771381738864,353,0,
1771381738868,354,0,
1771381738872,352,0,
1771381738877,352,0,
1771381738885,353,0,
1771381738889,353,0,
1771381738893,354,0,
1771381738901,353,0,
1771381738905,353,0,
1771381738909,352,0,
1771381738913,352,0,
1771381738922,350,0,
1771381738926,351,0,
1771381738930,352,0,
1771381738934,352,0,
1771381738942,350,0,
1771381738946,349,0,
1771381738950,351,0,
1771381738954,348,0,
1771381738963,349,0,
1771381738967,349,0,
1771381738971,347,0,
1771381738979,349,0,
1771381738983,348,0,
1771381738987,346,0,
1771381738991,346,0,
1771381738999,344,0,
1771381739004,343,0,
1771381739008,344,0,
1771381739012,345,0,
1771381739020,343,0,
1771381739024,336,0,
1771381739028,329,0,
1771381739036,319,0,
1771381739040,315,0,
1771381739045,319,0,
1771381739049,324,0,
1771381739057,327,0,
1771381739061,329,0,
1771381739065,331,0,
1771381739069,332,0,
1771381739077,338,0,
1771381739081,342,0,
1771381739086,342,0,
1771381739090,344,0,
1771381739098,345,0,
1771381739102,345,0,
1771381739106,344,0,
1771381739114,344,0,
1771381739118,344,0,
1771381739122,344,0,
1771381739126,345,0,
1771381739135,345,0,
1771381739139,344,0,
1771381739143,345,0,
1771381739147,345,0,
1771381739155,347,0,
1771381739159,356,0,
1771381739163,361,0,
1771381739172,342,0,
1771381739176,300,0,
1771381739180,229,0,
1771381739184,114,0,
1771381739188,0,0,
1771381739192,0,0,
1771381739196,0,0,
1771381739196,0,0,
1771381739200,34,0,
1771381739208,158,0,
1771381739212,311,0,
1771381739217,372,0,
1771381739221,365,0,
1771381739229,357,0,
1771381739233,363,0,
1771381739237,370,0,
1771381739245,377,0,
1771381739249,379,0,
1771381739253,379,0,
1771381739257,381,0,
1771381739266,380,0,
1771381739270,377,0,
1771381739274,378,0,
1771381739278,377,0,
1771381739286,374,0,
1771381739290,371,0,
1771381739294,370,0,
1771381739303,369,0,
1771381739307,367,0,
1771381739311,364,0,
1771381739315,362,0,
1771381739323,359,0,
1771381739327,356,0,
1771381739331,354,0,
1771381739335,349,0,
1771381739344,348,0,
1771381739348,343,0,
1771381739352,337,0,
1771381739356,334,0,
1771381739364,329,0,
1771381739368,324,0,
1771381739372,320,0,
1771381739380,317,0,
1771381739384,312,0,
1771381739389,307,0,
1771381739393,304,0,
1771381739401,303,0,
1771381739405,300,0,
1771381739409,297,0,
1771381739413,297,0,
1771381739421,294,0,
1771381739425,295,0,
1771381739429,294,0,
1771381739438,290,0,
1771381739442,292,0,
1771381739446,294,0,
1771381739450,298,0,
1771381739458,302,0,
1771381739462,309,0,
1771381739466,313,0,
1771381739470,319,0,
1771381739479,325,0,
1771381739483,330,0,
1771381739487,333,0,
1771381739491,338,0,
1771381739499,343,0,
1771381739503,344,0,
1771381739507,348,0,
1771381739516,350,0,
1771381739520,349,0,
1771381739524,351,0,
1771381739528,352,0,
1771381739536,353,0,
1771381739540,353,0,
1771381739544,354,0,
1771381739548,354,0,
1771381739556,354,0,
1771381739561,354,0,
1771381739565,353,0,
1771381739573,352,0,
1771381739577,353,0,
1771381739581,354,0,
1771381739585,351,0,
1771381739594,353,0,
1771381739598,353,0,
1771381739602,352,0,
1771381739606,353,0,
1771381739614,354,0,
1771381739618,352,0,
1771381739622,352,0,
1771381739630,354,0,
1771381739634,353,0,
1771381739638,352,0,
1771381739643,353,0,
1771381739651,353,0,
1771381739655,351,0,
1771381739659,353,0,
1771381739663,351,0,
1771381739672,350,0,
1771381739675,353,0,
1771381739679,354,0,
1771381739683,351,0,
1771381739692,350,0,
1771381739696,350,0,
1771381739700,349,0,
1771381739708,350,0,
1771381739712,351,0,
1771381739716,349,0,
1771381739721,348,0,
1771381739728,349,0,
1771381739733,348,0,
1771381739737,347,0,
1771381739741,349,0,
1771381739749,347,0,
1771381739753,345,0,
1771381739757,346,0,
1771381739765,345,0,
1771381739769,342,0,
1771381739774,343,0,
1771381739778,343,0,
1771381739786,341,0,
1771381739790,336,0,
1771381739794,331,0,
1771381739798,320,0,
1771381739806,315,0,
1771381739810,320,0,
1771381739815,325,0,
1771381739819,327,0,
1771381739827,331,0,
1771381739831,331,0,
1771381739835,332,0,
1771381739843,339,0,
1771381739847,341,0,
1771381739851,341,0,
1771381739855,343,0,
1771381739864,344,0,
1771381739868,343,0,
1771381739872,343,0,
1771381739876,343,0,
1771381739884,344,0,
1771381739888,343,0,
1771381739893,344,0,
1771381739901,344,0,
1771381739905,344,0,
1771381739909,347,0,
1771381739913,346,0,
1771381739921,346,0,
1771381739925,357,0,
1771381739929,360,0,
1771381739933,345,0,
1771381739942,301,0,
1771381739946,232,0,
1771381739950,119,0,
1771381739954,0,0,
1771381739958,0,0,
1771381739962,0,0,
1771381739966,10,0,
1771381739970,96,0,
1771381739974,223,0,
1771381739978,346,0,
1771381739982,375,0,
1771381739991,362,0,
1771381739995,354,0,
1771381739999,360,0,
1771381740003,368,0,
1771381740011,373,0,
1771381740015,375,0,
1771381740019,376,0,
1771381740028,375,0,
1771381740032,375,0,
1771381740036,373,0,
1771381740040,372,0,
1771381740048,371,0,
1771381740052,368,0,
1771381740056,366,0,
1771381740060,367,0,
1771381740068,365,0,
1771381740073,363,0,
1771381740077,360,0,
1771381740081,355,0,
1771381740089,355,0,
1771381740093,352,0,
1771381740097,349,0,
1771381740105,344,0,
1771381740109,341,0,
1771381740113,337,0,
1771381740118,331,0,
1771381740126,326,0,
1771381740130,323,0,
1771381740134,317,0,
1771381740138,311,0,
1771381740146,309,0,
1771381740150,304,0,
1771381740154,301,0,
1771381740163,298,0,
1771381740167,294,0,
1771381740171,290,0,
1771381740175,290,0,
1771381740183,290,0,
1771381740187,288,0,
1771381740191,287,0,
1771381740195,285,0,
1771381740204,284,0,
1771381740208,285,0,
1771381740212,289,0,
1771381740216,293,0,
1771381740224,298,0,
1771381740228,306,0,
1771381740232,311,0,
1771381740240,317,0,
1771381740245,323,0,
1771381740249,328,0,
1771381740253,332,0,
1771381740261,338,0,
1771381740265,342,0,
1771381740269,344,0,
1771381740273,347,0,
1771381740281,349,0,
1771381740286,349,0,
1771381740290,348,0,
1771381740298,350,0,
1771381740302,350,0,
1771381740306,352,0,
1771381740310,352,0,
1771381740318,350,0,
1771381740322,351,0,
1771381740326,352,0,
1771381740331,351,0,
1771381740339,351,0,
1771381740343,352,0,
1771381740347,353,0,
1771381740351,352,0,
1771381740359,352,0,
1771381740363,353,0,
1771381740367,352,0,
1771381740376,352,0,
1771381740380,353,0,
1771381740384,352,0,
1771381740388,355,0,
1771381740396,353,0,
1771381740400,351,0,
1771381740404,353,0,
1771381740408,353,0,
1771381740417,352,0,
1771381740421,351,0,
1771381740425,352,0,
1771381740433,352,0,
1771381740437,351,0,
1771381740441,351,0,
1771381740445,351,0,
1771381740454,350,0,
1771381740458,350,0,
1771381740462,350,0,
1771381740466,350,0,
1771381740474,350,0,
1771381740478,349,0,
1771381740482,349,0,
1771381740490,350,0,
1771381740494,349,0,
1771381740498,347,0,
1771381740503,346,0,
1771381740511,347,0,
1771381740515,347,0,
1771381740519,346,0,
1771381740523,345,0,
1771381740531,344,0,
1771381740535,342,0,
1771381740539,341,0,
1771381740544,344,0,
1771381740552,342,0,
1771381740556,339,0,
1771381740560,335,0,
1771381740568,326,0,
1771381740572,318,0,
1771381740576,319,0,
1771381740580,324,0,
1771381740589,326,0,
1771381740593,329,0,
1771381740597,331,0,
1771381740601,332,0,
1771381740609,335,0,
1771381740613,341,0,
1771381740617,341,0,
1771381740625,341,0,
1771381740630,344,0,
1771381740634,343,0,
1771381740638,343,0,
1771381740646,343,0,
1771381740650,343,0,
1771381740654,343,0,
1771381740658,344,0,
1771381740666,345,0,
1771381740670,343,0,
1771381740675,344,0,
1771381740679,344,0,
1771381740687,343,0,
1771381740691,350,0,
1771381740695,360,0,
1771381740703,354,0,
1771381740707,320,0,
1771381740711,261,0,
1771381740716,166,0,
1771381740720,46,0,
1771381740724,0,0,
1771381740728,0,0,
1771381740732,1,0,
1771381740736,51,0,
1771381740740,166,0,
1771381740744,312,0,
1771381740748,380,0,
1771381740757,376,0,
1771381740761,361,0,
1771381740765,358,0,
1771381740773,363,0,
1771381740777,371,0,
1771381740781,375,0,
1771381740785,375,0,
1771381740793,374,0,
1771381740797,375,0,
1771381740802,375,0,
1771381740806,374,0,
1771381740814,373,0,
1771381740818,372,0,
1771381740822,369,0,
1771381740830,368,0,
1771381740834,366,0,
1771381740838,363,0,
1771381740842,362,0,
1771381740851,361,0,
1771381740855,357,0,
1771381740859,355,0,
1771381740863,353,0,
1771381740871,349,0,
1771381740875,344,0,
1771381740879,339,0,
1771381740884,337,0,
1771381740892,332,0,
1771381740896,328,0,
1771381740900,323,0,
1771381740908,317,0,
1771381740912,313,0,
1771381740916,309,0,
1771381740920,304,0,
1771381740929,302,0,
1771381740933,299,0,
1771381740937,295,0,
1771381740941,295,0,
1771381740949,293,0,
1771381740953,291,0,
1771381740957,289,0,
1771381740965,288,0,
1771381740970,288,0,
1771381740974,288,0,
1771381740978,290,0,
1771381740986,293,0,
1771381740991,298,0,
1771381740994,306,0,
1771381740998,312,0,
1771381741006,317,0,
1771381741010,325,0,
1771381741015,333,0,
1771381741023,337,0,
1771381741027,342,0,
1771381741031,347,0,
1771381741035,352,0,
1771381741043,353,0,
1771381741047,354,0,
1771381741051,356,0,
1771381741055,356,0,
1771381741064,357,0,
1771381741068,357,0,
1771381741072,357,0,
1771381741076,358,0,
1771381741084,359,0,
1771381741088,358,0,
1771381741092,358,0,
1771381741101,358,0,
1771381741105,356,0,
1771381741109,357,0,
1771381741113,358,0,
1771381741121,359,0,
1771381741125,358,0,
1771381741129,357,0,
1771381741133,358,0,
1771381741141,357,0,
1771381741146,358,0,
1771381741150,357,0,
1771381741158,357,0,
1771381741162,358,0,
1771381741166,358,0,
1771381741170,357,0,
1771381741179,358,0,
1771381741182,358,0,
1771381741187,357,0,
1771381741191,358,0,
1771381741199,357,0,
1771381741203,357,0,
1771381741207,356,0,
1771381741211,357,0,
1771381741219,357,0,
1771381741223,357,0,
1771381741228,356,0,
1771381741236,356,0,
1771381741240,355,0,
1771381741244,356,0,
1771381741248,356,0,
1771381741256,354,0,
1771381741260,355,0,
1771381741264,355,0,
1771381741268,352,0,
1771381741277,354,0,
1771381741281,352,0,
1771381741285,351,0,
1771381741293,349,0,
1771381741297,350,0,
1771381741301,351,0,
1771381741305,350,0,
1771381741314,346,0,
1771381741318,340,0,
1771381741322,330,0,
1771381741326,324,0,
1771381741334,326,0,
1771381741338,329,0,
1771381741342,333,0,
1771381741346,335,0,
1771381741354,335,0,
1771381741359,337,0,
1771381741363,342,0,
1771381741371,346,0,
1771381741375,348,0,
1771381741379,349,0,
1771381741383,349,0,
1771381741391,348,0,
1771381741395,349,0,
1771381741399,349,0,
1771381741404,349,0,
1771381741412,349,0,
1771381741416,350,0,
1771381741420,349,0,
1771381741428,350,0,
1771381741432,350,0,
1771381741436,351,0,
1771381741440,350,0,
1771381741449,356,0,
1771381741453,363,0,
1771381741457,356,0,
1771381741461,324,0,
1771381741469,265,0,
1771381741473,170,0,
1771381741477,48,0,
1771381741481,0,0,
1771381741486,0,0,
1771381741486,4,0,
1771381741490,54,0,
1771381741498,166,0,
1771381741502,307,0,
1771381741506,371,0,
1771381741510,369,0,
1771381741518,361,0,
1771381741522,363,0,
1771381741526,371,0,
1771381741531,378,0,
1771381741539,379,0,
1771381741543,381,0,
1771381741547,381,0,
1771381741555,379,0,
1771381741559,379,0,
1771381741563,378,0,
1771381741567,377,0,
1771381741576,376,0,
1771381741580,375,0,
1771381741584,371,0,
1771381741589,369,0,
1771381741596,369,0,
1771381741601,369,0,
1771381741604,364,0,
1771381741608,361,0,
1771381741617,360,0,
1771381741621,356,0,
1771381741625,353,0,
1771381741633,350,0,
1771381741637,345,0,
1771381741641,339,0,
1771381741645,337,0,
1771381741653,331,0,
1771381741658,325,0,
1771381741662,321,0,
1771381741666,316,0,
1771381741674,311,0,
1771381741678,309,0,
1771381741682,306,0,
1771381741690,302,0,
1771381741694,300,0,
1771381741698,300,0,
1771381741703,297,0,
1771381741711,296,0,
1771381741715,297,0,
1771381741719,296,0,
1771381741723,295,0,
1771381741731,297,0,
1771381741735,298,0,
1771381741739,300,0,
1771381741744,306,0,
1771381741752,310,0,
1771381741756,315,0,
1771381741760,322,0,
1771381741768,327,0,
1771381741772,330,0,
1771381741777,335,0,
1771381741780,341,0,
1771381741789,344,0,
1771381741793,346,0,
1771381741797,349,0,
1771381741801,349,0,
1771381741809,350,0,
1771381741813,351,0,
1771381741817,351,0,
1771381741825,352,0,
1771381741830,354,0,
1771381741834,353,0,
1771381741838,354,0,
1771381741846,355,0,
1771381741850,356,0,
1771381741854,353,0,
1771381741858,354,0,
1771381741866,355,0,
1771381741871,353,0,
1771381741875,353,0,
1771381741879,354,0,
1771381741887,353,0,
1771381741891,354,0,
1771381741895,354,0,
1771381741903,352,0,
1771381741907,352,0,
1771381741911,355,0,
1771381741916,352,0,
1771381741924,353,0,
1771381741928,353,0,
1771381741932,355,0,
1771381741936,352,0,
1771381741944,352,0,
1771381741948,353,0,
1771381741952,351,0,
1771381741961,351,0,
1771381741965,352,0,
1771381741969,351,0,
1771381741973,351,0,
1771381741981,353,0,
1771381741985,352,0,
1771381741989,351,0,
1771381741993,352,0,
1771381742002,353,0,
1771381742006,350,0,
1771381742010,350,0,
1771381742018,350,0,
1771381742022,348,0,
1771381742026,348,0,
1771381742030,348,0,
1771381742038,345,0,
1771381742043,346,0,
1771381742047,347,0,
1771381742051,346,0,
1771381742059,344,0,
1771381742063,340,0,
1771381742067,331,0,
1771381742071,322,0,
1771381742079,320,0,
1771381742084,324,0,
1771381742088,326,0,
1771381742096,330,0,
1771381742100,332,0,
1771381742104,333,0,
1771381742108,336,0,
1771381742116,342,0,
1771381742120,345,0,
1771381742124,347,0,
1771381742129,348,0,
1771381742137,345,0,
1771381742141,346,0,
1771381742145,347,0,
1771381742153,346,0,
1771381742157,345,0,
1771381742161,346,0,
1771381742165,349,0,
1771381742174,347,0,
1771381742178,347,0,
1771381742182,347,0,
1771381742186,346,0,
1771381742194,349,0,
1771381742198,360,0,
1771381742202,360,0,
1771381742206,343,0,
1771381742215,299,0,
1771381742219,225,0,
1771381742223,108,0,
1771381742227,0,0,
1771381742231,0,0,
1771381742235,0,0,
1771381742235,0,0,
1771381742239,42,0,
1771381742247,166,0,
1771381742251,314,0,
1771381742255,371,0,
1771381742260,365,0,
1771381742268,358,0,
1771381742272,365,0,
1771381742276,373,0,
1771381742284,377,0,
1771381742288,380,0,
1771381742292,382,0,
1771381742297,380,0,
1771381742305,379,0,
1771381742309,379,0,
1771381742313,380,0,
1771381742317,378,0,
1771381742325,378,0,
1771381742330,375,0,
1771381742333,372,0,
1771381742337,371,0,
1771381742346,369,0,
1771381742350,366,0,
1771381742354,365,0,
1771381742362,361,0,
1771381742366,359,0,
1771381742370,355,0,
1771381742374,352,0,
1771381742383,350,0,
1771381742387,344,0,
1771381742391,340,0,
1771381742395,335,0,
1771381742403,331,0,
1771381742407,328,0,
1771381742411,322,0,
1771381742420,316,0,
1771381742423,313,0,
1771381742428,309,0,
1771381742432,304,0,
1771381742440,303,0,
1771381742444,302,0,
1771381742448,300,0,
1771381742452,297,0,
1771381742460,298,0,
1771381742464,298,0,
1771381742469,297,0,
1771381742473,297,0,
1771381742481,299,0,
1771381742485,300,0,
1771381742489,305,0,
1771381742497,309,0,
1771381742501,311,0,
1771381742505,318,0,
1771381742509,323,0,
1771381742518,328,0,
1771381742522,334,0,
1771381742526,338,0,
1771381742530,343,0,
1771381742538,345,0,
1771381742542,348,0,
1771381742546,350,0,
1771381742554,351,0,
1771381742559,352,0,
1771381742563,353,0,
1771381742567,353,0,
1771381742575,355,0,
1771381742579,356,0,
1771381742583,353,0,
1771381742587,354,0,
1771381742595,355,0,
1771381742600,355,0,
1771381742604,354,0,
1771381742612,355,0,
1771381742616,357,0,
1771381742620,356,0,
1771381742624,356,0,
1771381742632,355,0,
1771381742636,353,0,
1771381742641,353,0,
1771381742645,356,0,
1771381742653,354,0,
1771381742657,354,0,
1771381742661,353,0,
1771381742665,353,0,
1771381742673,355,0,
1771381742677,354,0,
1771381742681,353,0,
1771381742690,353,0,
1771381742694,354,0,
1771381742698,354,0,
1771381742702,354,0,
1771381742710,354,0,
1771381742714,354,0,
1771381742718,352,0,
1771381742722,351,0,
1771381742731,353,0,
1771381742735,352,0,
1771381742739,354,0,
1771381742747,353,0,
1771381742751,350,0,
1771381742755,351,0,
1771381742759,352,0,
1771381742767,350,0,
1771381742772,350,0,
1771381742776,350,0,
1771381742780,350,0,
1771381742788,348,0,
1771381742792,347,0,
1771381742796,346,0,
1771381742801,344,0,
1771381742808,344,0,
1771381742813,346,0,
1771381742817,344,0,
1771381742825,341,0,
1771381742829,335,0,
1771381742833,325,0,
1771381742837,318,0,
1771381742845,319,0,
1771381742849,324,0,
1771381742853,326,0,
1771381742858,329,0,
1771381742866,331,0,
1771381742870,333,0,
1771381742874,336,0,
1771381742882,343,0,
1771381742886,343,0,
1771381742890,345,0,
1771381742894,346,0,
1771381742903,344,0,
1771381742907,345,0,
1771381742911,344,0,
1771381742915,344,0,
1771381742923,345,0,
1771381742927,344,0,
1771381742932,344,0,
1771381742935,345,0,
1771381742944,346,0,
1771381742948,346,0,
1771381742952,344,0,
1771381742960,353,0,
1771381742964,360,0,
1771381742968,353,0,
1771381742972,323,0,
1771381742980,263,0,
1771381742985,168,0,
1771381742989,39,0,
1771381742993,0,0,
1771381742993,0,0,
1771381742997,0,0,
1771381743001,13,0,
1771381743005,124,0,
1771381743013,287,0,
1771381743017,367,0,
1771381743021,368,0,
1771381743030,358,0,
1771381743034,360,0,
1771381743038,369,0,
1771381743042,376,0,
1771381743050,379,0,
1771381743054,382,0,
1771381743058,380,0,
1771381743062,379,0,
1771381743071,378,0,
1771381743075,378,0,
1771381743079,375,0,
1771381743087,375,0,
1771381743091,374,0,
1771381743095,373,0,
1771381743099,370,0,
1771381743107,368,0,
1771381743112,367,0,
1771381743116,364,0,
1771381743120,361,0,
1771381743128,358,0,
1771381743132,356,0,
1771381743136,352,0,
1771381743144,346,0,
1771381743148,341,0,
1771381743152,339,0,
1771381743157,335,0,
1771381743165,330,0,
1771381743169,325,0,
1771381743173,319,0,
1771381743177,315,0,
1771381743185,311,0,
1771381743189,307,0,
1771381743193,304,0,
1771381743198,302,0,
1771381743206,300,0,
1771381743210,297,0,
1771381743214,295,0,
1771381743222,295,0,
1771381743226,292,0,
1771381743230,291,0,
1771381743235,291,0,
1771381743243,293,0,
1771381743247,294,0,
1771381743251,296,0,
1771381743255,302,0,
1771381743263,308,0,
1771381743267,314,0,
1771381743271,318,0,
1771381743279,323,0,
1771381743283,329,0,
1771381743288,334,0,
1771381743292,340,0,
1771381743300,343,0,
1771381743304,347,0,
1771381743308,349,0,
1771381743313,348,0,
1771381743320,350,0,
1771381743324,352,0,
1771381743329,352,0,
1771381743333,354,0,
1771381743341,354,0,
1771381743345,354,0,
1771381743349,352,0,
1771381743357,353,0,
1771381743361,355,0,
1771381743365,354,0,
1771381743370,353,0,
1771381743378,355,0,
1771381743382,353,0,
1771381743386,356,0,
1771381743390,356,0,
1771381743398,354,0,
1771381743402,354,0,
1771381743406,354,0,
1771381743415,354,0,
1771381743419,353,0,
1771381743423,354,0,
1771381743427,355,0,
1771381743435,354,0,
1771381743439,354,0,
1771381743443,354,0,
1771381743447,353,0,
1771381743456,352,0,
1771381743460,353,0,
1771381743464,353,0,
1771381743468,353,0,
1771381743476,352,0,
1771381743480,352,0,
1771381743484,352,0,
1771381743492,352,0,
1771381743496,353,0,
1771381743501,351,0,
1771381743505,351,0,
1771381743513,351,0,
1771381743517,351,0,
1771381743521,350,0,
1771381743525,351,0,
1771381743534,350,0,
1771381743538,349,0,
1771381743542,348,0,
1771381743550,347,0,
1771381743554,348,0,
1771381743558,349,0,
1771381743562,347,0,
1771381743570,345,0,
1771381743574,343,0,
1771381743578,345,0,
1771381743583,344,0,
1771381743591,344,0,
1771381743595,340,0,
1771381743599,334,0,
1771381743607,325,0,
1771381743611,317,0,
1771381743615,317,0,
1771381743619,321,0,
1771381743628,325,0,
1771381743632,327,0,
1771381743636,329,0,
1771381743640,332,0,
1771381743648,335,0,
1771381743652,339,0,
1771381743656,340,0,
1771381743660,342,0,
1771381743669,342,0,
1771381743673,342,0,
1771381743677,344,0,
1771381743685,342,0,
1771381743689,341,0,
1771381743693,342,0,
1771381743697,343,0,
1771381743705,345,0,
1771381743709,345,0,
1771381743714,345,0,
1771381743718,344,0,
1771381743726,343,0,
1771381743730,351,0,
1771381743734,360,0,
1771381743742,358,0,
1771381743746,333,0,
1771381743750,279,0,
1771381743755,193,0,
1771381743759,72,0,
1771381743763,0,0,
1771381743767,0,0,
1771381743771,0,0,
1771381743775,32,0,
1771381743779,140,0,
1771381743783,289,0,
1771381743787,369,0,
1771381743796,370,0,
1771381743800,356,0,
1771381743804,353,0,
1771381743812,362,0,
1771381743816,370,0,
1771381743820,371,0,
1771381743824,371,0,
1771381743832,373,0,
1771381743836,372,0,
1771381743841,371,0,
1771381743845,370,0,
1771381743853,367,0,
1771381743857,366,0,
1771381743861,366,0,
1771381743865,364,0,
1771381743873,361,0,
1771381743877,359,0,
1771381743881,359,0,
1771381743890,354,0,
1771381743894,352,0,
1771381743898,351,0,
1771381743902,347,0,
1771381743910,344,0,
1771381743914,340,0,
1771381743918,334,0,
1771381743922,332,0,
1771381743931,327,0,
1771381743935,320,0,
1771381743939,315,0,
1771381743947,311,0,
1771381743951,308,0,
1771381743955,303,0,
1771381743959,298,0,
1771381743967,294,0,
1771381743972,291,0,
1771381743976,290,0,
1771381743980,288,0,
1771381743989,284,0,
1771381743992,284,0,
1771381743996,282,0,
1771381744001,281,0,
1771381744008,281,0,
1771381744013,283,0,
1771381744017,281,0,
1771381744025,286,0,
1771381744029,293,0,
1771381744033,300,0,
1771381744037,304,0,
1771381744045,310,0,
1771381744049,317,0,
1771381744054,322,0,
1771381744058,330,0,
1771381744066,336,0,
1771381744070,339,0,
1771381744074,343,0,
1771381744082,347,0,
1771381744086,347,0,
1771381744090,349,0,
1771381744094,350,0,
1771381744103,351,0,
1771381744107,352,0,
1771381744111,351,0,
1771381744115,352,0,
1771381744124,351,0,
1771381744127,352,0,
1771381744131,352,0,
1771381744140,351,0,
1771381744144,352,0,
1771381744148,353,0,
1771381744152,352,0,
1771381744160,351,0,
1771381744164,352,0,
1771381744168,352,0,
1771381744172,352,0,
1771381744180,354,0,
1771381744185,353,0,
1771381744189,351,0,
1771381744193,351,0,
1771381744201,352,0,
1771381744205,350,0,
1771381744209,350,0,
1771381744217,352,0,
1771381744221,352,0,
1771381744226,351,0,
1771381744230,352,0,
1771381744238,351,0,
1771381744242,352,0,
1771381744246,353,0,
1771381744250,350,0,
1771381744258,350,0,
1771381744263,350,0,
1771381744267,351,0,
1771381744275,349,0,
1771381744279,350,0,
1771381744283,350,0,
1771381744287,348,0,
1771381744295,349,0,
1771381744299,347,0,
1771381744303,345,0,
1771381744307,347,0,
1771381744316,348,0,
1771381744320,346,0,
1771381744324,346,0,
1771381744328,344,0,
1771381744336,342,0,
1771381744340,344,0,
1771381744344,344,0,
1771381744353,346,0,
1771381744357,341,0,
1771381744361,335,0,
1771381744365,328,0,
1771381744373,317,0,
1771381744377,318,0,
1771381744381,324,0,
1771381744385,326,0,
1771381744393,328,0,
1771381744398,331,0,
1771381744402,333,0,
1771381744410,335,0,
1771381744414,340,0,
1771381744418,340,0,
1771381744422,343,0,
1771381744430,344,0,
1771381744434,344,0,
1771381744439,342,0,
1771381744443,343,0,
1771381744451,342,0,
1771381744455,342,0,
1771381744459,344,0,
1771381744463,345,0,
1771381744471,344,0,
1771381744475,344,0,
1771381744479,345,0,
1771381744488,344,0,
1771381744492,351,0,
1771381744496,359,0,
1771381744500,354,0,
1771381744508,326,0,
1771381744512,270,0,
1771381744516,187,0,
1771381744520,71,0,
1771381744525,0,0,
1771381744529,0,0,
1771381744529,4,0,
1771381744537,50,0,
1771381744541,153,0,
1771381744545,296,0,
1771381744549,373,0,
1771381744557,376,0,
1771381744561,360,0,
1771381744565,356,0,
1771381744570,362,0,
1771381744578,369,0,
1771381744582,372,0,
1771381744586,373,0,
1771381744590,373,0,
1771381744598,375,0,
1771381744602,373,0,
1771381744607,371,0,
1771381744615,371,0,
1771381744619,367,0,
1771381744623,366,0,
1771381744627,367,0,
1771381744635,364,0,
1771381744639,362,0,
1771381744643,362,0,
1771381744647,359,0,
1771381744656,355,0,
1771381744660,353,0,
1771381744664,349,0,
1771381744672,345,0,
1771381744676,343,0,
1771381744680,342,0,
1771381744684,336,0,
1771381744692,330,0,
1771381744697,328,0,
1771381744701,322,0,
1771381744705,317,0,
1771381744713,314,0,
1771381744717,309,0,
1771381744721,305,0,
1771381744725,302,0,
1771381744733,298,0,
1771381744738,296,0,
1771381744742,296,0,
1771381744750,295,0,
1771381744754,291,0,
1771381744758,290,0,
1771381744762,291,0,
1771381744770,288,0,
1771381744774,290,0,
1771381744778,294,0,
1771381744782,296,0,
1771381744791,302,0,
1771381744795,308,0,
1771381744799,316,0,
1771381744807,321,0,
1771381744811,329,0,
1771381744816,335,0,
1771381744819,339,0,
1771381744828,346,0,
1771381744832,351,0,
1771381744836,352,0,
1771381744840,354,0,
1771381744848,359,0,
1771381744852,357,0,
1771381744856,359,0,
1771381744860,360,0,
1771381744869,359,0,
1771381744873,360,0,
1771381744877,361,0,
1771381744885,360,0,
1771381744889,359,0,
1771381744893,360,0,
1771381744897,359,0,
1771381744905,358,0,
1771381744910,359,0,
1771381744914,360,0,
1771381744918,357,0,
1771381744926,357,0,
1771381744930,359,0,
1771381744934,358,0,
1771381744942,358,0,
1771381744946,359,0,
1771381744950,357,0,
1771381744955,359,0,
1771381744963,359,0,
1771381744967,358,0,
1771381744971,358,0,
1771381744975,360,0,
1771381744983,358,0,
1771381744987,357,0,
1771381744991,358,0,
1771381745000,359,0,
1771381745004,358,0,
1771381745008,358,0,
1771381745012,359,0,
1771381745020,357,0,
1771381745024,357,0,
1771381745028,358,0,
1771381745032,357,0,
1771381745041,356,0,
1771381745045,356,0,
1771381745049,356,0,
1771381745053,355,0,
1771381745061,355,0,
1771381745065,353,0,
1771381745069,352,0,
1771381745077,353,0,
1771381745082,354,0,
1771381745086,351,0,
1771381745090,347,0,
1771381745098,344,0,
1771381745102,336,0,
1771381745106,328,0,
1771381745110,327,0,
1771381745118,330,0,
1771381745123,335,0,
1771381745127,338,0,
1771381745135,338,0,
1771381745139,339,0,
1771381745143,344,0,
1771381745147,347,0,
1771381745155,351,0,
1771381745159,352,0,
1771381745163,354,0,
1771381745168,350,0,
1771381745176,349,0,
1771381745180,351,0,
1771381745184,350,0,
1771381745188,351,0,
1771381745196,353,0,
1771381745200,352,0,
1771381745204,352,0,
1771381745213,353,0,
1771381745217,351,0,
1771381745221,350,0,
1771381745225,356,0,
1771381745233,363,0,
1771381745237,361,0,
1771381745241,337,0,
1771381745245,289,0,
1771381745253,212,0,
1771381745258,97,0,
1771381745262,12,0,
1771381745266,0,0,
1771381745266,0,0,
1771381745270,38,0,
1771381745278,140,0,
1771381745282,287,0,
1771381745286,367,0,
1771381745291,372,0,
1771381745299,360,0,
1771381745303,361,0,
1771381745307,371,0,
1771381745311,378,0,
1771381745319,382,0,
1771381745323,381,0,
1771381745327,380,0,
1771381745335,381,0,
1771381745340,380,0,
1771381745344,380,0,
1771381745348,378,0,
1771381745356,376,0,
1771381745360,375,0,
1771381745364,374,0,
1771381745368,372,0,
1771381745376,369,0,
1771381745380,368,0,
1771381745385,364,0,
1771381745389,363,0,
1771381745397,361,0,
1771381745401,360,0,
1771381745405,353,0,
1771381745414,350,0,
1771381745418,346,0,
1771381745422,342,0,
1771381745426,338,0,
1771381745434,332,0,
1771381745438,327,0,
1771381745442,322,0,
1771381745446,317,0,
1771381745454,312,0,
1771381745458,309,0,
1771381745462,307,0,
1771381745471,304,0,
1771381745475,301,0,
1771381745479,299,0,
1771381745483,299,0,
1771381745491,297,0,
1771381745495,298,0,
1771381745499,298,0,
1771381745503,297,0,
1771381745512,297,0,
1771381745516,298,0,
1771381745520,301,0,
1771381745524,307,0,
1771381745532,311,0,
1771381745536,314,0,
1771381745540,321,0,
1771381745548,327,0,
1771381745552,331,0,
1771381745557,338,0,
1771381745561,342,0,
1771381745569,346,0,
1771381745573,347,0,
1771381745577,348,0,
1771381745581,350,0,
1771381745589,351,0,
1771381745593,353,0,
1771381745597,354,0,
1771381745606,354,0,
1771381745610,355,0,
1771381745615,356,0,
1771381745618,355,0,
1771381745626,354,0,
1771381745630,355,0,
1771381745634,353,0,
1771381745638,355,0,
1771381745647,356,0,
1771381745651,357,0,
1771381745655,355,0,
1771381745659,354,0,
1771381745667,354,0,
1771381745671,353,0,
1771381745676,354,0,
1771381745684,355,0,
1771381745688,355,0,
1771381745692,354,0,
1771381745696,354,0,
1771381745704,354,0,
1771381745708,355,0,
1771381745712,355,0,
1771381745716,355,0,
1771381745725,353,0,
1771381745729,352,0,
1771381745733,353,0,
1771381745741,352,0,
1771381745745,352,0,
1771381745749,353,0,
1771381745753,351,0,
1771381745761,351,0,
1771381745765,351,0,
1771381745770,351,0,
1771381745774,351,0,
1771381745782,350,0,
1771381745786,350,0,
1771381745790,350,0,
1771381745798,350,0,
1771381745802,350,0,
1771381745806,347,0,
1771381745811,347,0,
1771381745819,347,0,
1771381745823,345,0,
1771381745827,342,0,
1771381745831,338,0,
1771381745839,331,0,
1771381745843,321,0,
1771381745847,319,0,
1771381745851,322,0,
1771381745860,327,0,
1771381745864,331,0,
1771381745868,331,0,
1771381745876,333,0,
1771381745880,338,0,
1771381745884,343,0,
1771381745888,345,0,
1771381745896,345,0,
1771381745901,345,0,
1771381745905,344,0,
1771381745909,345,0,
1771381745917,345,0,
1771381745921,344,0,
1771381745925,347,0,
1771381745933,346,0,
1771381745937,345,0,
1771381745942,347,0,
1771381745946,347,0,
1771381745954,346,0,
1771381745958,346,0,
1771381745962,351,0,
1771381745966,361,0,
1771381745974,358,0,
1771381745978,332,0,
1771381745982,281,0,
1771381745987,195,0,
1771381745995,66,0,
1771381745995,0,0,
1771381745999,0,0,
1771381746003,0,0,
1771381746007,0,0,
1771381746011,37,0,
1771381746015,165,0,
1771381746019,317,0,
1771381746024,371,0,
1771381746032,364,0,
1771381746036,357,0,
1771381746040,366,0,
1771381746044,375,0,
1771381746052,381,0,
1771381746056,381,0,
1771381746060,379,0,
1771381746069,381,0,
1771381746073,380,0,
1771381746077,381,0,
1771381746081,380,0,
1771381746089,377,0,
1771381746093,377,0,
1771381746097,376,0,
1771381746101,373,0,
1771381746109,372,0,
1771381746114,369,0,
1771381746118,365,0,
1771381746122,364,0,
1771381746130,361,0,
1771381746134,360,0,
1771381746138,356,0,
1771381746146,352,0,
1771381746150,348,0,
1771381746155,342,0,
1771381746159,339,0,
1771381746167,335,0,
1771381746171,329,0,
1771381746175,325,0,
1771381746179,321,0,
1771381746187,315,0,
1771381746191,311,0,
1771381746196,308,0,
1771381746204,305,0,
1771381746208,302,0,
1771381746212,300,0,
1771381746216,300,0,
1771381746224,299,0,
1771381746229,299,0,
1771381746233,297,0,
1771381746237,296,0,
1771381746245,298,0,
1771381746249,298,0,
1771381746253,301,0,
1771381746261,306,0,
1771381746265,311,0,
1771381746269,315,0,
1771381746273,321,0,
1771381746282,326,0,
1771381746286,330,0,
1771381746290,335,0,
1771381746294,340,0,
1771381746302,345,0,
1771381746306,346,0,
1771381746310,349,0,
1771381746314,351,0,
1771381746323,350,0,
1771381746327,353,0,
1771381746331,353,0,
1771381746339,353,0,
1771381746343,355,0,
1771381746347,355,0,
1771381746351,354,0,
1771381746359,355,0,
1771381746363,356,0,
1771381746368,357,0,
1771381746372,355,0,
1771381746380,354,0,
1771381746384,355,0,
1771381746388,355,0,
1771381746396,355,0,
1771381746400,356,0,
1771381746405,354,0,
1771381746408,355,0,
1771381746417,355,0,
1771381746421,354,0,
1771381746425,354,0,
1771381746430,354,0,
1771381746437,354,0,
1771381746441,356,0,
1771381746445,355,0,
1771381746449,354,0,
1771381746458,353,0,
1771381746462,354,0,
1771381746466,354,0,
1771381746474,354,0,
1771381746478,354,0,
1771381746482,353,0,
1771381746486,352,0,
1771381746494,353,0,
1771381746499,352,0,
1771381746503,351,0,
1771381746507,352,0,
1771381746515,352,0,
1771381746519,350,0,
1771381746523,350,0,
1771381746531,350,0,
1771381746535,351,0,
1771381746540,349,0,
1771381746544,347,0,
1771381746552,347,0,
1771381746556,346,0,
1771381746561,348,0,
1771381746564,346,0,
1771381746572,340,0,
1771381746576,333,0,
1771381746581,321,0,
1771381746585,316,0,
1771381746593,320,0,
1771381746597,327,0,
1771381746601,328,0,
1771381746609,333,0,
1771381746613,335,0,
1771381746618,339,0,
1771381746622,342,0,
1771381746630,344,0,
1771381746634,346,0,
1771381746638,346,0,
1771381746642,346,0,
1771381746650,346,0,
1771381746655,346,0,
1771381746658,348,0,
1771381746666,346,0,
1771381746671,345,0,
1771381746675,347,0,
1771381746679,348,0,
1771381746687,347,0,
1771381746691,348,0,
1771381746695,347,0,
1771381746699,351,0,
1771381746707,361,0,
1771381746712,365,0,
1771381746716,348,0,
1771381746720,301,0,
1771381746728,225,0,
1771381746732,102,0,
1771381746736,0,0,
1771381746740,0,0,
1771381746740,0,0,
1771381746744,0,0,
1771381746748,28,0,
1771381746753,156,0,
1771381746761,316,0,
1771381746765,375,0,
1771381746769,367,0,
1771381746773,362,0,
1771381746781,367,0,
1771381746785,374,0,
1771381746789,381,0,
1771381746798,384,0,
1771381746802,383,0,
1771381746806,384,0,
1771381746810,383,0,
1771381746818,380,0,
1771381746822,380,0,
1771381746826,378,0,
1771381746830,376,0,
1771381746838,374,0,
1771381746843,372,0,
1771381746847,370,0,
1771381746851,366,0,
1771381746859,367,0,
1771381746863,364,0,
1771381746867,359,0,
1771381746875,358,0,
1771381746880,355,0,
1771381746884,349,0,
1771381746888,345,0,
1771381746896,341,0,
1771381746900,337,0,
1771381746904,333,0,
1771381746908,329,0,
1771381746916,323,0,
1771381746920,317,0,
1771381746925,313,0,
1771381746933,309,0,
1771381746937,305,0,
1771381746941,303,0,
1771381746945,299,0,
1771381746953,296,0,
1771381746957,295,0,
1771381746961,294,0,
1771381746966,292,0,
1771381746974,292,0,
1771381746978,291,0,
1771381746982,291,0,
1771381746990,292,0,
1771381746994,296,0,
1771381746998,300,0,
1771381747002,306,0,
1771381747011,312,0,
1771381747015,317,0,
1771381747019,321,0,
1771381747023,330,0,
1771381747031,334,0,
1771381747035,338,0,
1771381747039,343,0,
1771381747043,347,0,
1771381747051,349,0,
1771381747056,352,0,
1771381747060,354,0,
1771381747068,353,0,
1771381747072,354,0,
1771381747076,357,0,
1771381747080,355,0,
1771381747088,355,0,
1771381747092,357,0,
1771381747097,356,0,
1771381747101,353,0,
1771381747109,357,0,
1771381747113,357,0,
1771381747117,356,0,
1771381747125,358,0,
1771381747129,358,0,
1771381747133,355,0,
1771381747138,356,0,
1771381747146,357,0,
1771381747150,356,0,
1771381747154,356,0,
1771381747159,355,0,
1771381747166,355,0,
1771381747170,354,0,
1771381747174,356,0,
1771381747178,357,0,
1771381747187,354,0,
1771381747191,355,0,
1771381747195,354,0,
1771381747203,353,0,
1771381747208,355,0,
1771381747211,354,0,
1771381747215,353,0,
1771381747224,353,0,
1771381747228,355,0,
1771381747232,353,0,
1771381747236,353,0,
1771381747244,353,0,
1771381747248,352,0,
1771381747252,350,0,
1771381747260,353,0,
1771381747264,351,0,
1771381747269,348,0,
1771381747273,348,0,
1771381747281,347,0,
1771381747285,347,0,
1771381747289,347,0,
1771381747293,345,0,
1771381747301,339,0,
1771381747305,336,0,
1771381747310,327,0,
1771381747314,316,0,
1771381747322,316,0,
1771381747326,321,0,
1771381747330,326,0,
1771381747339,330,0,
1771381747343,334,0,
1771381747346,334,0,
1771381747351,336,0,
1771381747359,343,0,
1771381747363,344,0,
1771381747367,344,0,
1771381747371,345,0,
1771381747379,345,0,
1771381747383,344,0,
1771381747388,344,0,
1771381747395,346,0,
1771381747400,345,0,
1771381747404,346,0,
1771381747408,346,0,
1771381747416,348,0,
1771381747420,346,0,
1771381747424,348,0,
1771381747428,347,0,
1771381747437,351,0,
1771381747441,363,0,
1771381747445,362,0,
1771381747449,332,0,
1771381747457,278,0,
1771381747461,186,0,
1771381747465,55,0,
1771381747469,0,0,
1771381747473,0,0,
1771381747473,0,0,
1771381747477,5,0,
1771381747482,73,0,
1771381747486,208,0,
1771381747494,343,0,
1771381747498,377,0,
1771381747502,361,0,
1771381747506,357,0,
1771381747514,362,0,
1771381747518,368,0,
1771381747522,375,0,
1771381747531,377,0,
1771381747535,377,0,
1771381747539,377,0,
1771381747543,377,0,
1771381747551,374,0,
1771381747555,373,0,
1771381747559,371,0,
1771381747563,368,0,
1771381747572,366,0,
1771381747576,364,0,
1771381747580,361,0,
1771381747588,358,0,
1771381747593,358,0,
1771381747596,356,0,
1771381747600,352,0,
1771381747609,350,0,
1771381747613,346,0,
1771381747617,341,0,
1771381747621,338,0,
1771381747629,334,0,
1771381747633,329,0,
1771381747637,324,0,
1771381747641,320,0,
1771381747649,315,0,
1771381747654,309,0,
1771381747658,306,0,
1771381747666,300,0,
1771381747670,294,0,
1771381747674,294,0,
1771381747678,292,0,
1771381747686,288,0,
1771381747691,287,0,
1771381747694,283,0,
1771381747699,281,0,
1771381747707,281,0,
1771381747711,283,0,
1771381747715,282,0,
1771381747723,284,0,
1771381747727,289,0,
1771381747732,295,0,
1771381747735,299,0,
1771381747744,307,0,
1771381747748,311,0,
1771381747752,317,0,
1771381747756,326,0,
1771381747764,331,0,
1771381747768,335,0,
1771381747772,342,0,
1771381747776,345,0,
1771381747785,345,0,
1771381747789,347,0,
1771381747793,350,0,
1771381747801,349,0,
1771381747805,349,0,
1771381747809,350,0,
1771381747814,350,0,
1771381747821,351,0,
1771381747826,355,0,
1771381747830,352,0,
1771381747834,351,0,
1771381747842,354,0,
1771381747846,353,0,
1771381747850,351,0,
1771381747858,352,0,
1771381747862,352,0,
1771381747866,351,0,
1771381747871,351,0,
1771381747879,353,0,
1771381747883,352,0,
1771381747887,351,0,
1771381747891,351,0,
1771381747899,350,0,
1771381747903,350,0,
1771381747907,352,0,
1771381747912,350,0,
1771381747920,349,0,
1771381747924,352,0,
1771381747928,352,0,
1771381747936,349,0,
1771381747940,351,0,
1771381747944,350,0,
1771381747948,350,0,
1771381747957,350,0,
1771381747961,350,0,
1771381747965,348,0,
1771381747969,348,0,
1771381747977,347,0,
1771381747981,347,0,
1771381747985,344,0,
1771381747994,345,0,
1771381747998,344,0,
1771381748002,343,0,
1771381748006,344,0,
1771381748014,339,0,
1771381748018,332,0,
1771381748022,325,0,
1771381748027,317,0,
1771381748034,318,0,
1771381748039,324,0,
1771381748043,329,0,
1771381748051,331,0,
1771381748055,331,0,
1771381748059,334,0,
1771381748063,339,0,
1771381748071,340,0,
1771381748075,344,0,
1771381748079,344,0,
1771381748084,342,0,
1771381748093,345,0,
1771381748096,345,0,
1771381748100,344,0,
1771381748104,344,0,
1771381748112,345,0,
1771381748116,344,0,
1771381748120,345,0,
1771381748129,345,0,
1771381748133,345,0,
1771381748137,343,0,
1771381748141,347,0,
1771381748149,352,0,
1771381748153,357,0,
1771381748157,351,0,
1771381748161,312,0,
1771381748170,245,0,
1771381748174,146,0,
1771381748178,22,0,
1771381748182,0,0,
1771381748186,0,0,
1771381748186,1,0,
1771381748190,55,0,
1771381748198,178,0,
1771381748203,324,0,
1771381748206,385,0,
1771381748211,375,0,
1771381748219,357,0,
1771381748223,359,0,
1771381748227,367,0,
1771381748231,372,0,
1771381748239,377,0,
1771381748243,376,0,
1771381748247,374,0,
1771381748256,374,0,
1771381748260,374,0,
1771381748264,372,0,
1771381748268,371,0,
1771381748276,370,0,
1771381748280,369,0,
1771381748284,367,0,
1771381748288,365,0,
1771381748297,363,0,
1771381748301,360,0,
1771381748305,358,0,
1771381748309,355,0,
1771381748317,351,0,
1771381748321,348,0,
1771381748325,345,0,
1771381748333,341,0,
1771381748338,338,0,
1771381748342,335,0,
1771381748346,329,0,
1771381748354,323,0,
1771381748358,319,0,
1771381748362,314,0,
1771381748366,309,0,
1771381748374,306,0,
1771381748378,304,0,
1771381748383,300,0,
1771381748391,299,0,
1771381748395,295,0,
1771381748399,291,0,
1771381748403,291,0,
1771381748411,289,0,
1771381748415,287,0,
1771381748419,286,0,
1771381748423,287,0,
1771381748432,287,0,
1771381748436,290,0,
1771381748440,296,0,
1771381748444,302,0,
1771381748452,307,0,
1771381748456,315,0,
1771381748460,324,0,
1771381748469,330,0,
1771381748473,338,0,
1771381748477,343,0,
1771381748481,345,0,
1771381748489,350,0,
1771381748493,354,0,
1771381748497,354,0,
1771381748502,356,0,
1771381748510,358,0,
1771381748514,358,0,
1771381748518,356,0,
1771381748526,358,0,
1771381748530,358,0,
1771381748534,358,0,
1771381748538,357,0,
1771381748546,358,0,
1771381748551,357,0,
1771381748555,359,0,
1771381748559,357,0,
1771381748567,355,0,
1771381748572,357,0,
1771381748575,358,0,
1771381748583,357,0,
1771381748587,357,0,
1771381748591,358,0,
1771381748596,358,0,
1771381748604,356,0,
1771381748608,357,0,
1771381748612,358,0,
1771381748616,357,0,
1771381748624,356,0,
1771381748628,357,0,
1771381748632,355,0,
1771381748636,358,0,
1771381748645,358,0,
1771381748649,356,0,
1771381748653,356,0,
1771381748661,356,0,
1771381748665,355,0,
1771381748669,354,0,
1771381748673,356,0,
1771381748682,355,0,
1771381748686,352,0,
1771381748690,351,0,
1771381748694,353,0,
1771381748702,352,0,
1771381748706,349,0,
1771381748710,347,0,
1771381748718,340,0,
1771381748722,334,0,
1771381748727,326,0,
1771381748731,326,0,
1771381748739,332,0,
1771381748743,336,0,
1771381748747,337,0,
1771381748751,338,0,
1771381748759,341,0,
1771381748763,345,0,
1771381748768,348,0,
1771381748772,350,0,
1771381748780,351,0,
1771381748784,350,0,
1771381748788,351,0,
1771381748796,350,0,
1771381748800,349,0,
1771381748804,351,0,
1771381748809,351,0,
1771381748817,350,0,
1771381748821,351,0,
1771381748825,352,0,
1771381748829,351,0,
1771381748837,350,0,
1771381748841,351,0,
1771381748845,359,0,
1771381748854,365,0,
1771381748858,359,0,
1771381748862,325,0,
1771381748866,267,0,
1771381748874,172,0,
1771381748878,43,0,
1771381748878,0,0,
1771381748882,0,0,
1771381748886,0,0,
1771381748890,35,0,
1771381748894,148,0,
1771381748899,303,0,
1771381748907,378,0,
1771381748911,376,0,
1771381748915,361,0,
1771381748923,363,0,
1771381748927,372,0,
1771381748931,378,0,
1771381748936,380,0,
1771381748944,383,0,
1771381748948,382,0,
1771381748952,383,0,
1771381748956,382,0,
1771381748964,380,0,
1771381748968,378,0,
1771381748972,377,0,
1771381748980,375,0,
1771381748985,373,0,
1771381748989,372,0,
1771381748993,371,0,
1771381749001,367,0,
1771381749005,364,0,
1771381749009,363,0,
1771381749013,360,0,
1771381749021,356,0,
1771381749026,355,0,
1771381749030,350,0,
1771381749034,347,0,
1771381749042,342,0,
1771381749046,336,0,
1771381749050,333,0,
1771381749058,328,0,
1771381749062,323,0,
1771381749067,319,0,
1771381749071,316,0,
1771381749079,313,0,
1771381749083,308,0,
1771381749087,305,0,
1771381749091,303,0,
1771381749099,301,0,
1771381749103,300,0,
1771381749107,300,0,
1771381749116,298,0,
1771381749120,297,0,
1771381749124,297,0,
1771381749128,297,0,
1771381749136,300,0,
1771381749140,305,0,
1771381749144,310,0,
1771381749148,315,0,
1771381749157,321,0,
1771381749161,327,0,
1771381749165,333,0,
1771381749169,339,0,
1771381749177,345,0,
1771381749181,348,0,
1771381749185,350,0,
1771381749193,354,0,
1771381749198,355,0,
1771381749202,356,0,
1771381749206,357,0,
1771381749214,356,0,
1771381749218,357,0,
1771381749222,358,0,
1771381749226,358,0,
1771381749235,357,0,
1771381749239,356,0,
1771381749243,359,0,
1771381749251,358,0,
1771381749255,358,0,
1771381749259,359,0,
1771381749264,359,0,
1771381749272,358,0,
1771381749275,359,0,
1771381749280,357,0,
1771381749284,357,0,
1771381749292,357,0,
1771381749296,356,0,
1771381749300,357,0,
1771381749304,356,0,
1771381749312,356,0,
1771381749317,355,0,
1771381749321,355,0,
1771381749329,356,0,
1771381749333,355,0,
1771381749337,356,0,
1771381749341,357,0,
1771381749349,356,0,
1771381749353,355,0,
1771381749357,356,0,
1771381749362,353,0,
1771381749370,354,0,
1771381749374,353,0,
1771381749378,352,0,
1771381749386,351,0,
1771381749390,350,0,
1771381749395,350,0,
1771381749399,350,0,
1771381749406,349,0,
1771381749411,345,0,
1771381749415,339,0,
1771381749419,329,0,
1771381749427,324,0,
1771381749432,324,0,
1771381749435,330,0,
1771381749443,334,0,
1771381749447,335,0,
1771381749451,337,0,
1771381749456,340,0,
1771381749464,344,0,
1771381749468,348,0,
1771381749472,350,0,
1771381749476,351,0,
1771381749484,352,0,
1771381749489,351,0,
1771381749493,352,0,
1771381749497,350,0,
1771381749505,350,0,
1771381749509,351,0,
1771381749513,351,0,
1771381749521,352,0,
1771381749525,351,0,
1771381749529,350,0,
1771381749533,350,0,
1771381749542,350,0,
1771381749547,360,0,
1771381749550,365,0,
1771381749554,355,0,
1771381749562,318,0,
1771381749566,253,0,
1771381749570,143,0,
1771381749574,4,0,
1771381749578,0,0,
1771381749583,0,0,
1771381749583,0,0,
1771381749587,0,0,
1771381749591,48,0,
1771381749595,187,0,
1771381749603,334,0,
1771381749607,373,0,
1771381749611,366,0,
1771381749615,361,0,
1771381749624,369,0,
1771381749628,379,0,
1771381749632,383,0,
1771381749636,384,0,
1771381749644,385,0,
1771381749648,385,0,
1771381749652,384,0,
1771381749660,384,0,
1771381749665,382,0,
1771381749669,379,0,
1771381749673,379,0,
1771381749681,379,0,
1771381749685,374,0,
1771381749689,371,0,
1771381749693,373,0,
1771381749701,368,0,
1771381749705,364,0,
1771381749710,363,0,
1771381749718,360,0,
1771381749722,355,0,
1771381749726,353,0,
1771381749730,348,0,
1771381749738,344,0,
1771381749742,341,0,
1771381749747,335,0,
1771381749751,330,0,
1771381749759,325,0,
1771381749763,322,0,
1771381749767,316,0,
1771381749775,312,0,
1771381749779,311,0,
1771381749783,307,0,
1771381749787,303,0,
1771381749796,303,0,
1771381749800,300,0,
1771381749804,300,0,
1771381749808,302,0,
1771381749816,301,0,
1771381749820,299,0,
1771381749824,302,0,
1771381749828,303,0,
1771381749837,305,0,
1771381749841,310,0,
1771381749845,317,0,
1771381749853,319,0,
1771381749857,322,0,
1771381749861,329,0,
1771381749865,333,0,
1771381749873,338,0,
1771381749878,343,0,
1771381749882,345,0,
1771381749886,347,0,
1771381749894,350,0,
1771381749898,351,0,
1771381749902,352,0,
1771381749910,354,0,
1771381749914,353,0,
1771381749918,353,0,
1771381749922,355,0,
1771381749931,358,0,
1771381749935,354,0,
1771381749939,354,0,
1771381749943,355,0,
1771381749951,355,0,
1771381749955,356,0,
1771381749959,358,0,
1771381749963,355,0,
1771381749972,355,0,
1771381749976,356,0,
1771381749980,356,0,
1771381749988,355,0,
1771381749992,355,0,
1771381749996,354,0,
1771381750000,354,0,
1771381750008,354,0,
1771381750013,356,0,
1771381750017,354,0,
1771381750021,353,0,
1771381750029,356,0,
1771381750033,353,0,
1771381750037,354,0,
1771381750046,354,0,
1771381750050,355,0,
1771381750054,355,0,
1771381750058,356,0,
1771381750066,354,0,
1771381750070,353,0,
1771381750074,353,0,
1771381750078,352,0,
1771381750086,350,0,
1771381750090,348,0,
1771381750095,350,0,
1771381750099,349,0,
1771381750107,349,0,
1771381750111,349,0,
1771381750115,343,0,
1771381750123,337,0,
1771381750127,328,0,
1771381750131,318,0,
1771381750136,320,0,
1771381750144,325,0,
1771381750148,330,0,
1771381750152,332,0,
1771381750156,334,0,
1771381750164,339,0,
1771381750168,342,0,
1771381750172,345,0,
1771381750181,349,0,
1771381750185,349,0,
1771381750189,349,0,
1771381750193,351,0,
1771381750201,348,0,
1771381750205,347,0,
1771381750209,350,0,
1771381750213,349,0,
1771381750222,348,0,
1771381750226,351,0,
1771381750230,350,0,
1771381750234,349,0,
1771381750242,349,0,
1771381750246,352,0,
1771381750250,358,0,
1771381750258,365,0,
1771381750262,358,0,
1771381750267,320,0,
1771381750271,256,0,
1771381750279,146,0,
1771381750279,4,0,
1771381750283,0,0,
1771381750287,0,0,
1771381750292,0,0,
1771381750292,0,0,
1771381750296,52,0,
1771381750303,192,0,
1771381750308,336,0,
1771381750312,375,0,
1771381750320,363,0,
1771381750324,363,0,
1771381750328,371,0,
1771381750332,377,0,
1771381750340,383,0,
1771381750344,384,0,
1771381750348,382,0,
1771381750353,384,0,
1771381750361,384,0,
1771381750365,381,0,
1771381750369,380,0,
1771381750377,380,0,
1771381750381,377,0,
1771381750385,375,0,
1771381750389,374,0,
1771381750398,371,0,
1771381750402,368,0,
1771381750406,368,0,
1771381750410,364,0,
1771381750418,358,0,
1771381750422,358,0,
1771381750426,355,0,
1771381750430,350,0,
1771381750439,345,0,
1771381750443,341,0,
1771381750447,336,0,
1771381750455,332,0,
1771381750459,328,0,
1771381750463,324,0,
1771381750467,318,0,
1771381750475,315,0,
1771381750480,310,0,
1771381750484,305,0,
1771381750488,305,0,
1771381750496,302,0,
1771381750500,298,0,
1771381750504,298,0,
1771381750512,298,0,
1771381750516,295,0,
1771381750520,295,0,
1771381750525,294,0,
1771381750533,296,0,
1771381750537,298,0,
1771381750541,302,0,
1771381750545,306,0,
1771381750553,311,0,
1771381750557,317,0,
1771381750561,323,0,
1771381750566,328,0,
1771381750574,335,0,
1771381750578,338,0,
1771381750582,341,0,
1771381750590,346,0,
1771381750594,349,0,
1771381750598,349,0,
1771381750602,351,0,
1771381750611,354,0,
1771381750615,353,0,
1771381750619,353,0,
1771381750623,355,0,
1771381750631,354,0,
1771381750635,354,0,
1771381750639,356,0,
1771381750647,356,0,
1771381750652,355,0,
1771381750656,358,0,
1771381750660,357,0,
1771381750668,355,0,
1771381750672,357,0,
1771381750676,357,0,
1771381750680,355,0,
1771381750688,356,0,
1771381750693,357,0,
1771381750697,356,0,
1771381750705,355,0,
1771381750709,356,0,
1771381750713,356,0,
1771381750717,354,0,
1771381750725,356,0,
1771381750729,356,0,
1771381750733,353,0,
1771381750738,355,0,
1771381750746,354,0,
1771381750750,352,0,
1771381750754,354,0,
1771381750758,354,0,
1771381750766,352,0,
1771381750770,352,0,
1771381750774,352,0,
1771381750783,352,0,
1771381750787,350,0,
1771381750791,351,0,
1771381750795,351,0,
1771381750803,351,0,
1771381750807,348,0,
1771381750811,347,0,
1771381750815,346,0,
1771381750824,349,0,
1771381750828,348,0,
1771381750832,344,0,
1771381750840,339,0,
1771381750844,334,0,
1771381750848,321,0,
1771381750852,316,0,
1771381750860,320,0,
1771381750864,325,0,
1771381750869,329,0,
1771381750873,333,0,
1771381750881,334,0,
1771381750885,337,0,
1771381750889,343,0,
1771381750893,345,0,
1771381750901,344,0,
1771381750906,347,0,
1771381750910,346,0,
1771381750918,345,0,
1771381750922,346,0,
1771381750926,346,0,
1771381750930,345,0,
1771381750938,346,0,
1771381750942,346,0,
1771381750946,345,0,
1771381750951,346,0,
1771381750959,349,0,
1771381750963,347,0,
1771381750967,351,0,
1771381750975,364,0,
1771381750979,367,0,
1771381750983,348,0,
1771381750987,303,0,
1771381750996,226,0,
1771381751000,102,0,
1771381751004,0,0,
1771381751004,0,0,
1771381751008,0,0,
1771381751012,0,0,
1771381751016,57,0,
1771381751021,189,0,
1771381751025,335,0,
1771381751032,379,0,
1771381751037,365,0,
1771381751041,356,0,
1771381751049,360,0,
1771381751053,368,0,
1771381751057,374,0,
1771381751061,376,0,
1771381751069,374,0,
1771381751073,375,0,
1771381751078,376,0,
1771381751082,374,0,
1771381751090,373,0,
1771381751094,373,0,
1771381751098,369,0,
1771381751106,368,0,
1771381751110,367,0,
1771381751114,364,0,
1771381751118,360,0,
1771381751127,359,0,
1771381751131,354,0,
1771381751135,353,0,
1771381751139,350,0,
1771381751147,349,0,
1771381751151,343,0,
1771381751155,339,0,
1771381751159,335,0,
1771381751168,329,0,
1771381751172,325,0,
1771381751176,322,0,
1771381751184,317,0,
1771381751188,312,0,
1771381751192,309,0,
1771381751196,303,0,
1771381751204,299,0,
1771381751209,296,0,
1771381751213,295,0,
1771381751217,290,0,
1771381751225,289,0,
1771381751229,289,0,
1771381751234,286,0,
1771381751241,284,0,
1771381751245,285,0,
1771381751250,283,0,
1771381751254,285,0,
1771381751262,290,0,
1771381751266,294,0,
1771381751270,299,0,
1771381751274,307,0,
1771381751282,313,0,
1771381751286,320,0,
1771381751290,326,0,
1771381751295,333,0,
1771381751303,337,0,
1771381751307,340,0,
1771381751311,345,0,
1771381751319,345,0,
1771381751323,347,0,
1771381751327,350,0,
1771381751331,349,0,
1771381751340,352,0,
1771381751344,353,0,
1771381751348,353,0,
1771381751352,353,0,
1771381751360,354,0,
1771381751364,353,0,
1771381751368,352,0,
1771381751376,354,0,
1771381751381,354,0,
1771381751385,352,0,
1771381751389,352,0,
1771381751397,353,0,
1771381751401,351,0,
1771381751405,352,0,
1771381751409,353,0,
1771381751417,352,0,
1771381751422,353,0,
1771381751426,354,0,
1771381751434,353,0,
1771381751438,353,0,
1771381751442,352,0,
1771381751446,351,0,
1771381751455,351,0,
1771381751459,352,0,
1771381751463,353,0,
1771381751467,350,0,
1771381751475,351,0,
1771381751479,353,0,
1771381751483,350,0,
1771381751487,350,0,
1771381751495,352,0,
1771381751499,350,0,
1771381751503,350,0,
1771381751512,350,0,
1771381751516,350,0,
1771381751520,349,0,
1771381751524,347,0,
1771381751532,344,0,
1771381751536,344,0,
1771381751540,344,0,
1771381751544,346,0,
1771381751553,341,0,
1771381751557,336,0,
1771381751561,330,0,
1771381751569,319,0,
1771381751573,318,0,
1771381751577,324,0,
1771381751581,327,0,
1771381751589,330,0,
1771381751594,333,0,
1771381751598,334,0,
1771381751602,338,0,
1771381751610,342,0,
1771381751614,343,0,
1771381751618,342,0,
1771381751622,345,0,
1771381751630,347,0,
1771381751635,344,0,
1771381751639,343,0,
1771381751647,345,0,
1771381751651,343,0,
1771381751655,344,0,
1771381751659,345,0,
1771381751667,345,0,
1771381751671,344,0,
1771381751675,345,0,
1771381751679,344,0,
1771381751688,352,0,
1771381751692,362,0,
1771381751696,355,0,
1771381751704,320,0,
1771381751708,261,0,
1771381751712,167,0,
1771381751716,42,0,
1771381751721,0,0,
1771381751725,0,0,
1771381751725,0,0,
1771381751729,50,0,
1771381751737,163,0,
1771381751741,309,0,
1771381751745,378,0,
1771381751749,373,0,
1771381751757,358,0,
1771381751761,357,0,
1771381751766,363,0,
1771381751774,372,0,
1771381751778,375,0,
1771381751782,375,0,
1771381751786,375,0,
1771381751794,377,0,
1771381751798,374,0,
1771381751802,371,0,
1771381751807,373,0,
1771381751815,370,0,
1771381751819,369,0,
1771381751823,369,0,
1771381751831,367,0,
1771381751835,364,0,
1771381751839,362,0,
1771381751843,359,0,
1771381751852,357,0,
1771381751856,355,0,
1771381751860,353,0,
1771381751864,348,0,
1771381751872,343,0,
1771381751876,342,0,
1771381751880,336,0,
1771381751884,331,0,
1771381751893,328,0,
1771381751897,322,0,
1771381751901,317,0,
1771381751909,314,0,
1771381751913,309,0,
1771381751917,305,0,
1771381751921,303,0,
1771381751929,299,0,
1771381751933,295,0,
1771381751938,295,0,
1771381751942,296,0,
1771381751950,292,0,
1771381751954,289,0,
1771381751958,293,0,
1771381751966,291,0,
1771381751970,292,0,
1771381751974,297,0,
1771381751979,300,0,
1771381751987,305,0,
1771381751991,313,0,
1771381751995,320,0,
1771381751999,324,0,
1771381752007,331,0,
1771381752011,337,0,
1771381752015,344,0,
1771381752019,349,0,
1771381752028,355,0,
1771381752032,355,0,
1771381752036,355,0,
1771381752044,359,0,
1771381752048,357,0,
1771381752052,358,0,
1771381752056,360,0,
1771381752065,360,0,
1771381752069,359,0,
1771381752073,361,0,
1771381752077,361,0,
1771381752085,358,0,
1771381752089,360,0,
1771381752093,359,0,
1771381752101,358,0,
1771381752105,359,0,
1771381752110,361,0,
1771381752114,359,0,
1771381752122,356,0,
1771381752126,359,0,
1771381752130,358,0,
1771381752134,356,0,
1771381752142,359,0,
1771381752146,358,0,
1771381752151,357,0,
1771381752155,359,0,
1771381752163,360,0,
1771381752167,358,0,
1771381752171,359,0,
1771381752179,358,0,
1771381752183,357,0,
1771381752187,357,0,
1771381752192,360,0,
1771381752200,357,0,
1771381752204,357,0,
1771381752208,357,0,
1771381752212,356,0,
1771381752220,356,0,
1771381752224,358,0,
1771381752228,355,0,
1771381752237,354,0,
1771381752241,354,0,
1771381752245,353,0,
1771381752249,353,0,
1771381752257,350,0,
1771381752261,345,0,
1771381752265,338,0,
1771381752269,327,0,
1771381752277,327,0,
1771381752282,329,0,
1771381752286,332,0,
1771381752290,338,0,
1771381752298,338,0,
1771381752302,339,0,
1771381752306,344,0,
1771381752314,347,0,
1771381752319,350,0,
1771381752323,354,0,
1771381752327,353,0,
1771381752335,352,0,
1771381752339,351,0,
1771381752343,351,0,
1771381752347,351,0,
1771381752355,350,0,
1771381752359,353,0,
1771381752363,351,0,
1771381752372,349,0,
1771381752376,352,0,
1771381752380,352,0,
1771381752384,351,0,
1771381752392,358,0,
1771381752396,367,0,
1771381752400,365,0,
1771381752404,340,0,
1771381752413,289,0,
1771381752417,203,0,
1771381752421,74,0,
1771381752425,0,0,
1771381752429,0,0,
1771381752429,0,0,
1771381752433,0,0,
1771381752437,47,0,
1771381752441,176,0,
1771381752450,322,0,
1771381752454,373,0,
1771381752458,366,0,
1771381752462,361,0,
1771381752470,367,0,
1771381752474,377,0,
1771381752478,383,0,
1771381752482,384,0,
1771381752490,385,0,
1771381752495,384,0,
1771381752499,383,0,
1771381752507,383,0,
1771381752511,384,0,
1771381752515,381,0,
1771381752519,377,0,
1771381752527,379,0,
1771381752531,376,0,
1771381752535,372,0,
1771381752540,374,0,
1771381752548,372,0,
1771381752552,368,0,
1771381752556,366,0,
1771381752564,362,0,
1771381752568,358,0,
1771381752572,355,0,
1771381752577,352,0,
1771381752585,347,0,
1771381752589,343,0,
1771381752593,340,0,
1771381752597,333,0,
1771381752605,328,0,
1771381752609,326,0,
1771381752613,321,0,
1771381752617,315,0,
1771381752626,314,0,
1771381752630,310,0,
1771381752634,308,0,
1771381752642,307,0,
1771381752646,306,0,
1771381752650,304,0,
1771381752654,304,0,
1771381752663,304,0,
1771381752667,302,0,
1771381752671,304,0,
1771381752675,306,0,
1771381752683,306,0,
1771381752687,310,0,
1771381752691,317,0,
1771381752699,320,0,
1771381752703,325,0,
1771381752708,331,0,
1771381752712,335,0,
1771381752720,338,0,
1771381752724,344,0,
1771381752728,347,0,
1771381752732,349,0,
1771381752740,351,0,
1771381752744,352,0,
1771381752748,352,0,
1771381752753,353,0,
1771381752761,356,0,
1771381752765,354,0,
1771381752769,353,0,
1771381752777,355,0,
1771381752781,355,0,
1771381752785,354,0,
1771381752789,356,0,
1771381752798,356,0,
1771381752802,355,0,
1771381752806,356,0,
1771381752810,356,0,
1771381752818,355,0,
1771381752822,357,0,
1771381752826,356,0,
1771381752834,355,0,
1771381752839,354,0,
1771381752843,356,0,
1771381752847,353,0,
1771381752855,352,0,
1771381752859,354,0,
1771381752863,353,0,
1771381752867,353,0,
1771381752875,354,0,
1771381752880,354,0,
1771381752884,353,0,
1771381752888,353,0,
1771381752896,354,0,
1771381752901,352,0,
1771381752904,354,0,
1771381752912,353,0,
1771381752916,351,0,
1771381752921,350,0,
1771381752925,353,0,
1771381752933,350,0,
1771381752937,347,0,
1771381752941,349,0,
1771381752945,349,0,
1771381752954,346,0,
1771381752957,348,0,
1771381752961,345,0,
1771381752970,338,0,
1771381752974,331,0,
1771381752978,321,0,
1771381752982,319,0,
1771381752990,325,0,
1771381752994,331,0,
1771381752998,332,0,
1771381753002,333,0,
1771381753011,337,0,
1771381753015,338,0,
1771381753019,343,0,
1771381753027,347,0,
1771381753031,348,0,
1771381753035,348,0,
1771381753039,349,0,
1771381753048,347,0,
1771381753052,348,0,
1771381753056,348,0,
1771381753060,348,0,
1771381753068,349,0,
1771381753072,348,0,
1771381753076,351,0,
1771381753080,348,0,
1771381753088,348,0,
1771381753093,351,0,
1771381753097,356,0,
1771381753105,363,0,
1771381753109,360,0,
1771381753113,327,0,
1771381753117,267,0,
1771381753125,164,0,
1771381753129,24,0,
1771381753129,0,0,
1771381753133,0,0,
1771381753138,0,0,
1771381753142,0,0,
1771381753146,55,0,
1771381753150,195,0,
1771381753154,338,0,
1771381753162,376,0,
1771381753166,362,0,
1771381753170,359,0,
1771381753174,371,0,
1771381753183,377,0,
1771381753187,381,0,
1771381753191,385,0,
1771381753195,383,0,
1771381753203,381,0,
1771381753207,382,0,
1771381753211,381,0,
1771381753215,379,0,
1771381753224,379,0,
1771381753228,377,0,
1771381753232,374,0,
1771381753240,373,0,
1771381753244,373,0,
1771381753248,368,0,
1771381753252,364,0,
1771381753260,364,0,
1771381753265,360,0,
1771381753269,357,0,
1771381753273,355,0,
1771381753281,351,0,
1771381753285,347,0,
1771381753289,344,0,
1771381753297,338,0,
1771381753301,331,0,
1771381753306,327,0,
1771381753310,321,0,
1771381753318,318,0,
1771381753322,315,0,
1771381753326,313,0,
1771381753330,307,0,
1771381753338,304,0,
1771381753342,305,0,
1771381753346,303,0,
1771381753351,301,0,
1771381753359,301,0,
1771381753363,300,0,
1771381753367,299,0,
1771381753376,300,0,
1771381753379,300,0,
1771381753383,301,0,
1771381753387,305,0,
1771381753396,307,0,
1771381753400,313,0,
1771381753404,318,0,
1771381753408,325,0,
1771381753416,329,0,
1771381753420,333,0,
1771381753424,339,0,
1771381753432,343,0,
1771381753437,345,0,
1771381753441,348,0,
1771381753445,350,0,
1771381753453,350,0,
1771381753457,352,0,
1771381753461,351,0,
1771381753465,351,0,
1771381753473,352,0,
1771381753478,353,0,
1771381753482,352,0,
1771381753490,351,0,
1771381753494,354,0,
1771381753498,352,0,
1771381753502,352,0,
1771381753510,355,0,
1771381753514,353,0,
1771381753518,353,0,
1771381753523,354,0,
1771381753531,354,0,
1771381753535,353,0,
1771381753539,353,0,
1771381753543,353,0,
1771381753551,352,0,
1771381753555,353,0,
1771381753559,355,0,
1771381753568,352,0,
1771381753572,352,0,
1771381753576,355,0,
1771381753580,352,0,
1771381753588,353,0,
1771381753592,355,0,
1771381753596,352,0,
1771381753600,353,0,
1771381753609,354,0,
1771381753613,353,0,
1771381753617,352,0,
1771381753625,353,0,
1771381753629,351,0,
1771381753633,351,0,
1771381753637,351,0,
1771381753645,352,0,
1771381753650,349,0,
1771381753654,348,0,
1771381753658,348,0,
1771381753666,346,0,
1771381753670,345,0,
1771381753674,349,0,
1771381753678,347,0,
1771381753686,342,0,
1771381753690,338,0,
1771381753695,327,0,
1771381753703,318,0,
1771381753707,318,0,
1771381753711,322,0,
1771381753715,326,0,
1771381753723,331,0,
1771381753727,335,0,
1771381753731,334,0,
1771381753735,336,0,
1771381753744,343,0,
1771381753748,344,0,
1771381753752,345,0,
1771381753760,347,0,
1771381753764,347,0,
1771381753768,346,0,
1771381753772,347,0,
1771381753781,346,0,
1771381753785,346,0,
1771381753789,348,0,
1771381753793,348,0,
1771381753801,347,0,
1771381753805,348,0,
1771381753809,349,0,
1771381753813,348,0,
1771381753822,355,0,
1771381753826,365,0,
1771381753830,355,0,
1771381753838,318,0,
1771381753842,255,0,
1771381753846,145,0,
1771381753850,7,0,
1771381753854,0,0,
1771381753854,0,0,
1771381753858,0,0,
1771381753863,0,0,
1771381753867,66,0,
1771381753871,207,0,
1771381753875,344,0,
1771381753883,375,0,
1771381753887,365,0,
1771381753891,360,0,
1771381753899,365,0,
1771381753903,375,0,
1771381753908,381,0,
1771381753912,381,0,
1771381753920,381,0,
1771381753924,383,0,
1771381753928,380,0,
1771381753932,378,0,
1771381753940,379,0,
1771381753944,377,0,
1771381753949,374,0,
1771381753957,373,0,
1771381753961,371,0,
1771381753965,368,0,
1771381753969,368,0,
1771381753977,364,0,
1771381753981,359,0,
1771381753985,358,0,
1771381753989,355,0,
1771381753998,351,0,
1771381754002,347,0,
1771381754006,344,0,
1771381754010,341,0,
1771381754018,336,0,
1771381754022,331,0,
1771381754026,326,0,
1771381754035,320,0,
1771381754039,316,0,
1771381754043,313,0,
1771381754047,308,0,
1771381754055,307,0,
1771381754059,303,0,
1771381754063,300,0,
1771381754067,299,0,
1771381754075,298,0,
1771381754080,296,0,
1771381754084,295,0,
1771381754092,295,0,
1771381754096,295,0,
1771381754100,294,0,
1771381754104,296,0,
1771381754112,300,0,
1771381754116,304,0,
1771381754120,309,0,
1771381754125,316,0,
1771381754133,320,0,
1771381754137,328,0,
1771381754141,332,0,
1771381754145,335,0,
1771381754153,342,0,
1771381754157,346,0,
1771381754161,347,0,
1771381754170,348,0,
1771381754174,351,0,
1771381754178,352,0,
1771381754182,352,0,
1771381754190,353,0,
1771381754194,354,0,
1771381754198,353,0,
1771381754202,353,0,
1771381754211,356,0,
1771381754215,354,0,
1771381754219,355,0,
1771381754227,356,0,
1771381754231,354,0,
1771381754235,355,0,
1771381754239,354,0,
1771381754248,354,0,
1771381754252,353,0,
1771381754256,353,0,
1771381754260,353,0,
1771381754268,352,0,
1771381754272,353,0,
1771381754276,354,0,
1771381754280,352,0,
1771381754288,354,0,
1771381754293,352,0,
1771381754297,352,0,
1771381754305,353,0,
1771381754309,352,0,
1771381754313,351,0,
1771381754317,351,0,
1771381754325,353,0,
1771381754329,352,0,
1771381754333,351,0,
1771381754338,351,0,
1771381754346,351,0,
1771381754350,351,0,
1771381754354,351,0,
1771381754362,351,0,
1771381754366,349,0,
1771381754370,350,0,
1771381754374,349,0,
1771381754383,347,0,
1771381754387,348,0,
1771381754391,348,0,
1771381754395,346,0,
1771381754403,346,0,
1771381754407,346,0,
1771381754411,345,0,
1771381754420,343,0,
1771381754424,344,0,
1771381754428,341,0,
1771381754432,337,0,
1771381754440,333,0,
1771381754444,322,0,
1771381754448,313,0,
1771381754452,317,0,
1771381754460,322,0,
1771381754465,324,0,
1771381754469,328,0,
1771381754473,329,0,
1771381754481,332,0,
1771381754485,336,0,
1771381754489,342,0,
1771381754497,343,0,
1771381754501,342,0,
1771381754505,343,0,
1771381754510,342,0,
1771381754518,342,0,
1771381754522,342,0,
1771381754526,342,0,
1771381754530,340,0,
1771381754538,343,0,
1771381754542,343,0,
1771381754546,342,0,
1771381754555,343,0,
1771381754559,343,0,
1771381754563,345,0,
1771381754567,357,0,
1771381754575,363,0,
1771381754579,346,0,
1771381754583,301,0,
1771381754587,229,0,
1771381754596,113,0,
1771381754596,0,0,
1771381754600,0,0,
1771381754604,0,0,
1771381754608,7,0,
1771381754612,66,0,
1771381754616,190,0,
1771381754620,328,0,
1771381754628,377,0,
1771381754633,363,0,
1771381754637,352,0,
1771381754641,358,0,
1771381754649,364,0,
1771381754653,370,0,
1771381754657,373,0,
1771381754661,373,0,
1771381754669,372,0,
1771381754673,372,0,
1771381754678,370,0,
1771381754686,367,0,
1771381754690,368,0,
1771381754694,368,0,
1771381754698,364,0,
1771381754706,361,0,
1771381754710,361,0,
1771381754714,358,0,
1771381754718,355,0,
1771381754727,354,0,
1771381754731,350,0,
1771381754735,347,0,
1771381754739,346,0,
1771381754748,341,0,
1771381754751,336,0,
1771381754755,332,0,
1771381754764,328,0,
1771381754768,324,0,
1771381754772,320,0,
1771381754776,317,0,
1771381754784,309,0,
1771381754788,304,0,
1771381754792,304,0,
1771381754796,299,0,
1771381754805,295,0,
1771381754809,294,0,
1771381754813,290,0,
1771381754821,288,0,
1771381754825,287,0,
1771381754829,285,0,
1771381754833,282,0,
1771381754841,283,0,
1771381754845,284,0,
1771381754850,285,0,
1771381754854,290,0,
1771381754862,296,0,
1771381754866,299,0,
1771381754870,305,0,
1771381754874,313,0,
1771381754882,318,0,
1771381754886,324,0,
1771381754891,332,0,
1771381754899,336,0,
1771381754903,340,0,
1771381754907,344,0,
1771381754911,345,0,
1771381754919,346,0,
1771381754924,349,0,
1771381754928,349,0,
1771381754932,350,0,
1771381754940,351,0,
1771381754944,353,0,
1771381754948,352,0,
1771381754956,353,0,
1771381754960,354,0,
1771381754964,352,0,
1771381754968,353,0,
1771381754977,354,0,
1771381754981,353,0,
1771381754985,354,0,
1771381754989,355,0,
1771381754997,354,0,
1771381755001,353,0,
1771381755005,354,0,
1771381755009,353,0,
1771381755017,353,0,
1771381755022,353,0,
1771381755026,356,0,
1771381755034,354,0,
1771381755038,354,0,
1771381755042,356,0,
1771381755046,353,0,
1771381755054,352,0,
1771381755058,354,0,
1771381755063,353,0,
1771381755067,352,0,
1771381755075,353,0,
1771381755079,352,0,
1771381755083,352,0,
1771381755091,352,0,
1771381755095,352,0,
1771381755099,351,0,
1771381755103,351,0,
1771381755112,352,0,
1771381755116,350,0,
1771381755120,349,0,
1771381755124,350,0,
1771381755132,348,0,
1771381755136,347,0,
1771381755140,349,0,
1771381755149,349,0,
1771381755153,348,0,
1771381755157,349,0,
1771381755161,347,0,
1771381755169,347,0,
1771381755173,346,0,
1771381755177,346,0,
1771381755181,342,0,
1771381755189,342,0,
1771381755194,344,0,
1771381755198,343,0,
1771381755202,340,0,
1771381755210,338,0,
1771381755214,328,0,
1771381755218,319,0,
1771381755226,319,0,
1771381755230,324,0,
1771381755235,327,0,
1771381755239,331,0,
1771381755247,333,0,
1771381755251,333,0,
1771381755255,338,0,
1771381755259,343,0,
1771381755267,343,0,
1771381755271,343,0,
1771381755275,346,0,
1771381755284,344,0,
1771381755288,344,0,
1771381755292,345,0,
1771381755296,344,0,
1771381755305,345,0,
1771381755309,346,0,
1771381755312,347,0,
1771381755317,345,0,
1771381755325,348,0,
1771381755329,346,0,
1771381755333,347,0,
1771381755337,360,0,
1771381755345,368,0,
1771381755349,355,0,
1771381755353,316,0,
1771381755362,254,0,
1771381755366,152,0,
1771381755370,29,0,
1771381755374,0,0,
1771381755374,0,0,
1771381755378,9,0,
1771381755382,67,0,
1771381755386,188,0,
1771381755394,326,0,
1771381755398,377,0,
1771381755403,369,0,
1771381755407,359,0,
1771381755415,361,0,
1771381755419,370,0,
1771381755423,379,0,
1771381755431,380,0,
1771381755435,379,0,
1771381755439,381,0,
1771381755443,378,0,
1771381755452,377,0,
1771381755456,378,0,
1771381755460,377,0,
1771381755464,373,0,
1771381755472,373,0,
1771381755476,371,0,
1771381755481,368,0,
1771381755489,366,0,
1771381755493,364,0,
1771381755497,361,0,
1771381755501,360,0,
1771381755509,360,0,
1771381755513,354,0,
1771381755517,349,0,
1771381755521,348,0,
1771381755529,343,0,
1771381755534,338,0,
1771381755538,335,0,
1771381755546,331,0,
1771381755550,325,0,
1771381755554,321,0,
1771381755558,318,0,
1771381755566,312,0,
1771381755570,309,0,
1771381755575,306,0,
1771381755579,303,0,
1771381755587,301,0,
1771381755591,301,0,
1771381755595,297,0,
1771381755599,294,0,
1771381755607,296,0,
1771381755611,295,0,
1771381755615,293,0,
1771381755624,295,0,
1771381755628,296,0,
1771381755632,298,0,
1771381755636,305,0,
1771381755644,311,0,
1771381755648,316,0,
1771381755652,322,0,
1771381755656,328,0,
1771381755665,333,0,
1771381755669,338,0,
1771381755673,346,0,
1771381755681,348,0,
1771381755685,350,0,
1771381755689,353,0,
1771381755693,354,0,
1771381755701,353,0,
1771381755706,356,0,
1771381755710,357,0,
1771381755714,357,0,
1771381755722,358,0,
1771381755726,358,0,
1771381755730,357,0,
1771381755734,358,0,
1771381755742,359,0,
1771381755747,359,0,
1771381755751,357,0,
1771381755759,359,0,
1771381755763,357,0,
1771381755767,356,0,
1771381755771,359,0,
1771381755779,357,0,
1771381755783,357,0,
1771381755787,357,0,
1771381755792,357,0,
1771381755800,356,0,
1771381755804,356,0,
1771381755808,358,0,
1771381755816,357,0,
1771381755820,357,0,
1771381755824,361,0,
1771381755828,357,0,
1771381755837,354,0,
1771381755841,357,0,
1771381755845,356,0,
1771381755849,354,0,
1771381755857,356,0,
1771381755861,355,0,
1771381755865,354,0,
1771381755869,355,0,
1771381755877,354,0,
1771381755882,353,0,
1771381755886,354,0,
1771381755894,354,0,
1771381755898,353,0,
1771381755902,353,0,
1771381755906,355,0,
1771381755914,352,0,
1771381755919,350,0,
1771381755923,352,0,
1771381755927,351,0,
1771381755935,350,0,
1771381755939,350,0,
1771381755943,350,0,
1771381755951,348,0,
1771381755955,349,0,
1771381755959,348,0,
1771381755964,346,0,
1771381755972,346,0,
1771381755976,347,0,
1771381755980,344,0,
1771381755984,341,0,
1771381755992,336,0,
1771381755996,323,0,
1771381756000,317,0,
1771381756009,323,0,
1771381756013,327,0,
1771381756018,329,0,
1771381756021,332,0,
1771381756029,334,0,
1771381756033,336,0,
1771381756037,340,0,
1771381756042,343,0,
1771381756050,344,0,
1771381756054,345,0,
1771381756058,345,0,
1771381756062,344,0,
1771381756070,344,0,
1771381756074,347,0,
1771381756078,345,0,
1771381756086,343,0,
1771381756091,347,0,
1771381756095,346,0,
1771381756099,345,0,
1771381756107,347,0,
1771381756111,347,0,
1771381756115,351,0,
1771381756119,359,0,
1771381756128,363,0,
1771381756132,341,0,
1771381756136,292,0,
1771381756144,212,0,
1771381756148,86,0,
1771381756148,0,0,
1771381756152,0,0,
1771381756156,0,0,
1771381756160,0,0,
1771381756164,29,0,
1771381756168,150,0,
1771381756172,309,0,
1771381756177,372,0,
1771381756185,366,0,
1771381756189,359,0,
1771381756193,363,0,
1771381756197,372,0,
1771381756205,379,0,
1771381756209,381,0,
1771381756213,380,0,
1771381756222,379,0,
1771381756226,380,0,
1771381756230,379,0,
1771381756234,377,0,
1771381756242,380,0,
1771381756246,376,0,
1771381756250,372,0,
1771381756254,372,0,
1771381756263,371,0,
1771381756267,368,0,
1771381756271,367,0,
1771381756279,364,0,
1771381756283,360,0,
1771381756287,358,0,
1771381756291,354,0,
1771381756299,349,0,
1771381756303,347,0,
1771381756308,342,0,
1771381756312,338,0,
1771381756320,334,0,
1771381756324,331,0,
1771381756328,325,0,
1771381756332,320,0,
1771381756340,316,0,
1771381756344,313,0,
1771381756349,308,0,
1771381756357,306,0,
1771381756361,303,0,
1771381756365,299,0,
1771381756369,299,0,
1771381756377,298,0,
1771381756381,296,0,
1771381756385,296,0,
1771381756390,297,0,
1771381756398,296,0,
1771381756402,296,0,
1771381756406,300,0,
1771381756414,303,0,
1771381756418,305,0,
1771381756422,312,0,
1771381756426,317,0,
1771381756435,321,0,
1771381756439,328,0,
1771381756443,334,0,
1771381756447,337,0,
1771381756455,342,0,
1771381756459,346,0,
1771381756463,348,0,
1771381756467,350,0,
1771381756476,353,0,
1771381756480,351,0,
1771381756484,351,0,
1771381756492,355,0,
1771381756496,353,0,
1771381756500,352,0,
1771381756504,356,0,
1771381756512,355,0,
1771381756516,355,0,
1771381756521,357,0,
1771381756525,356,0,
1771381756533,354,0,
1771381756537,356,0,
1771381756541,355,0,
1771381756549,354,0,
1771381756554,355,0,
1771381756558,357,0,
1771381756562,354,0,
1771381756570,353,0,
1771381756575,356,0,
1771381756578,354,0,
1771381756582,352,0,
1771381756590,355,0,
1771381756595,354,0,
1771381756599,351,0,
1771381756607,353,0,
1771381756611,352,0,
1771381756615,351,0,
1771381756619,351,0,
1771381756627,352,0,
1771381756631,352,0,
1771381756635,353,0,
1771381756640,356,0,
1771381756648,353,0,
1771381756652,351,0,
1771381756656,354,0,
1771381756660,351,0,
1771381756668,350,0,
1771381756672,352,0,
1771381756676,350,0,
1771381756685,350,0,
1771381756689,349,0,
1771381756693,349,0,
1771381756697,347,0,
1771381756705,348,0,
1771381756709,348,0,
1771381756713,346,0,
1771381756717,346,0,
1771381756726,349,0,
1771381756730,348,0,
1771381756734,344,0,
1771381756742,344,0,
1771381756746,341,0,
1771381756750,341,0,
1771381756754,344,0,
1771381756763,342,0,
1771381756766,338,0,
1771381756771,335,0,
1771381756775,325,0,
1771381756783,316,0,
1771381756787,316,0,
1771381756791,320,0,
1771381756795,324,0,
1771381756803,327,0,
1771381756807,332,0,
1771381756811,332,0,
1771381756820,333,0,
1771381756824,340,0,
1771381756828,342,0,
1771381756832,342,0,
1771381756840,344,0,
1771381756844,343,0,
1771381756848,343,0,
1771381756853,344,0,
1771381756861,344,0,
1771381756865,344,0,
1771381756869,345,0,
1771381756877,344,0,
1771381756881,344,0,
1771381756885,345,0,
1771381756889,348,0,
1771381756898,346,0,
1771381756902,352,0,
1771381756906,362,0,
1771381756910,354,0,
1771381756918,320,0,
1771381756922,260,0,
1771381756926,156,0,
1771381756930,22,0,
1771381756934,0,0,
1771381756939,0,0,
1771381756943,0,0,
1771381756947,11,0,
1771381756951,125,0,
1771381756955,290,0,
1771381756959,368,0,
1771381756967,366,0,
1771381756972,358,0,
1771381756975,360,0,
1771381756980,370,0,
1771381756988,378,0,
1771381756992,381,0,
1771381756996,381,0,
1771381757005,380,0,
1771381757008,381,0,
1771381757012,380,0,
1771381757016,378,0,
1771381757025,378,0,
1771381757029,375,0,
1771381757033,371,0,
1771381757037,370,0,
1771381757045,368,0,
1771381757049,364,0,
1771381757054,366,0,
1771381757057,363,0,
1771381757065,358,0,
1771381757070,357,0,
1771381757074,354,0,
1771381757082,350,0,
1771381757086,346,0,
1771381757090,342,0,
1771381757094,337,0,
1771381757102,331,0,
1771381757106,328,0,
1771381757111,322,0,
1771381757115,317,0,
1771381757123,312,0,
1771381757127,309,0,
1771381757131,303,0,
1771381757139,302,0,
1771381757143,299,0,
1771381757147,295,0,
1771381757151,295,0,
1771381757159,294,0,
1771381757164,292,0,
1771381757168,292,0,
1771381757172,292,0,
1771381757180,291,0,
1771381757184,291,0,
1771381757188,295,0,
1771381757192,299,0,
1771381757200,303,0,
1771381757205,311,0,
1771381757209,315,0,
1771381757217,318,0,
1771381757222,327,0,
1771381757225,333,0,
1771381757229,335,0,
1771381757237,341,0,
1771381757241,345,0,
1771381757246,348,0,
1771381757250,350,0,
1771381757258,353,0,
1771381757262,354,0,
1771381757266,354,0,
1771381757274,356,0,
1771381757278,356,0,
1771381757282,355,0,
1771381757287,358,0,
1771381757295,356,0,
1771381757299,355,0,
1771381757303,359,0,
1771381757307,358,0,
1771381757315,356,0,
1771381757319,356,0,
1771381757323,358,0,
1771381757327,357,0,
1771381757336,356,0,
1771381757340,357,0,
1771381757344,354,0,
1771381757352,354,0,
1771381757356,355,0,
1771381757360,356,0,
1771381757364,355,0,
1771381757372,358,0,
1771381757377,356,0,
1771381757381,352,0,
1771381757385,355,0,
1771381757393,355,0,
1771381757397,354,0,
1771381757401,354,0,
1771381757409,354,0,
1771381757413,353,0,
1771381757418,354,0,
1771381757422,354,0,
1771381757430,353,0,
1771381757434,354,0,
1771381757438,353,0,
1771381757442,352,0,
1771381757450,350,0,
1771381757454,352,0,
1771381757458,353,0,
1771381757463,350,0,
1771381757471,351,0,
1771381757475,351,0,
1771381757479,349,0,
1771381757487,349,0,
1771381757491,349,0,
1771381757495,348,0,
1771381757500,347,0,
1771381757508,348,0,
1771381757512,346,0,
1771381757516,345,0,
1771381757520,345,0,
1771381757528,344,0,
1771381757532,341,0,
1771381757536,343,0,
1771381757544,342,0,
1771381757549,340,0,
1771381757553,342,0,
1771381757557,339,0,
1771381757565,332,0,
1771381757569,324,0,
1771381757573,314,0,
1771381757577,313,0,
1771381757585,319,0,
1771381757590,324,0,
1771381757594,326,0,
1771381757602,326,0,
1771381757606,329,0,
1771381757610,334,0,
1771381757614,336,0,
1771381757622,342,0,
1771381757626,342,0,
1771381757630,341,0,
1771381757635,342,0,
1771381757643,342,0,
1771381757647,340,0,
1771381757651,343,0,
1771381757655,344,0,
1771381757663,343,0,
1771381757667,342,0,
1771381757671,343,0,
1771381757680,342,0,
1771381757684,342,0,
1771381757688,342,0,
1771381757692,351,0,
1771381757700,359,0,
1771381757704,362,0,
1771381757708,334,0,
1771381757712,275,0,
1771381757721,185,0,
1771381757725,57,0,
1771381757725,0,0,
1771381757729,0,0,
1771381757733,0,0,
1771381757737,17,0,
1771381757741,122,0,
1771381757749,282,0,
1771381757753,368,0,
1771381757757,370,0,
1771381757762,355,0,
1771381757770,354,0,
1771381757774,364,0,
1771381757778,369,0,
1771381757782,374,0,
1771381757790,375,0,
1771381757794,373,0,
1771381757798,374,0,
1771381757807,375,0,
1771381757811,373,0,
1771381757815,371,0,
1771381757819,369,0,
1771381757827,367,0,
1771381757831,366,0,
1771381757835,364,0,
1771381757839,362,0,
1771381757848,358,0,
1771381757852,355,0,
1771381757856,353,0,
1771381757860,349,0,
1771381757868,348,0,
1771381757872,346,0,
1771381757876,339,0,
1771381757884,336,0,
1771381757889,333,0,
1771381757893,327,0,
1771381757897,322,0,
1771381757905,318,0,
1771381757909,314,0,
1771381757913,307,0,
1771381757917,303,0,
1771381757925,300,0,
1771381757929,295,0,
1771381757934,292,0,
1771381757942,291,0,
1771381757946,287,0,
1771381757950,286,0,
1771381757954,285,0,
1771381757962,284,0,
1771381757966,283,0,
1771381757970,284,0,
1771381757975,285,0,
1771381757983,286,0,
1771381757987,291,0,
1771381757991,296,0,
1771381757999,301,0,
1771381758003,307,0,
1771381758007,314,0,
1771381758011,319,0,
1771381758020,327,0,
1771381758024,333,0,
1771381758028,338,0,
1771381758032,343,0,
1771381758040,347,0,
1771381758044,348,0,
1771381758048,351,0,
1771381758052,353,0,
1771381758061,354,0,
1771381758065,353,0,
1771381758069,353,0,
1771381758077,353,0,
1771381758081,353,0,
1771381758085,355,0,
1771381758089,355,0,
1771381758097,355,0,
1771381758102,356,0,
1771381758106,355,0,
1771381758110,353,0,
1771381758118,355,0,
1771381758122,354,0,
1771381758126,354,0,
1771381758134,353,0,
1771381758138,354,0,
1771381758142,354,0,
1771381758147,354,0,
1771381758155,355,0,
1771381758159,354,0,
1771381758164,353,0,
1771381758167,354,0,
1771381758176,354,0,
1771381758179,352,0,
1771381758183,354,0,
1771381758187,354,0,
1771381758196,351,0,
1771381758200,351,0,
1771381758204,351,0,
1771381758212,352,0,
1771381758216,352,0,
1771381758220,352,0,
1771381758224,351,0,
1771381758233,349,0,
1771381758237,351,0,
1771381758241,351,0,
1771381758245,350,0,
1771381758253,349,0,
1771381758257,350,0,
1771381758261,349,0,
1771381758269,350,0,
1771381758273,349,0,
1771381758278,346,0,
1771381758282,347,0,
1771381758290,347,0,
1771381758294,346,0,
1771381758298,345,0,
1771381758302,344,0,
1771381758310,342,0,
1771381758314,341,0,
1771381758319,341,0,
1771381758323,342,0,
1771381758331,341,0,
1771381758335,337,0,
1771381758339,333,0,
1771381758347,322,0,
1771381758351,316,0,
1771381758355,320,0,
1771381758359,324,0,
1771381758368,327,0,
1771381758372,330,0,
1771381758376,330,0,
1771381758380,333,0,
1771381758388,337,0,
1771381758392,340,0,
1771381758396,342,0,
1771381758405,343,0,
1771381758409,343,0,
1771381758413,342,0,
1771381758417,341,0,
1771381758425,343,0,
1771381758429,342,0,
1771381758434,342,0,
1771381758437,342,0,
1771381758446,342,0,
1771381758450,343,0,
1771381758454,344,0,
1771381758458,343,0,
1771381758466,345,0,
1771381758470,355,0,
1771381758474,362,0,
1771381758482,350,0,
1771381758487,311,0,
1771381758491,245,0,
1771381758495,141,0,
1771381758499,19,0,
1771381758503,0,0,
1771381758507,0,0,
1771381758511,13,0,
1771381758515,103,0,
1771381758519,258,0,
1771381758527,365,0,
1771381758532,379,0,
1771381758536,362,0,
1771381758544,356,0,
1771381758548,360,0,
1771381758552,368,0,
1771381758556,374,0,
1771381758564,374,0,
1771381758568,375,0,
1771381758572,376,0,
1771381758577,373,0,
1771381758585,372,0,
1771381758589,371,0,
1771381758593,372,0,
1771381758601,368,0,
1771381758605,366,0,
1771381758609,366,0,
1771381758613,363,0,
1771381758622,361,0,
1771381758626,360,0,
1771381758630,355,0,
1771381758634,353,0,
1771381758642,352,0,
1771381758646,349,0,
1771381758650,346,0,
1771381758654,343,0,
1771381758663,337,0,
1771381758667,333,0,
1771381758671,329,0,
1771381758679,323,0,
1771381758683,317,0,
1771381758687,312,0,
1771381758691,310,0,
1771381758699,304,0,
1771381758704,301,0,
1771381758708,298,0,
1771381758712,294,0,
1771381758720,292,0,
1771381758724,292,0,
1771381758728,290,0,
1771381758736,289,0,
1771381758740,288,0,
1771381758745,287,0,
1771381758749,286,0,
1771381758757,288,0,
1771381758761,294,0,
1771381758765,298,0,
1771381758769,304,0,
1771381758777,311,0,
1771381758781,317,0,
1771381758785,323,0,
1771381758790,331,0,
1771381758798,336,0,
1771381758802,342,0,
1771381758806,347,0,
1771381758814,350,0,
1771381758818,352,0,
1771381758822,355,0,
1771381758826,358,0,
1771381758835,357,0,
1771381758839,357,0,
1771381758843,358,0,
1771381758847,358,0,
1771381758855,359,0,
1771381758859,360,0,
1771381758863,359,0,
1771381758871,359,0,
1771381758876,359,0,
1771381758880,358,0,
1771381758884,358,0,
1771381758892,358,0,
1771381758896,358,0,
1771381758900,359,0,
1771381758904,359,0,
1771381758912,360,0,
1771381758917,357,0,
1771381758921,356,0,
1771381758929,358,0,
1771381758933,357,0,
1771381758937,358,0,
1771381758941,360,0,
1771381758949,358,0,
1771381758953,358,0,
1771381758958,359,0,
1771381758962,357,0,
1771381758970,357,0,
1771381758974,358,0,
1771381758978,358,0,
1771381758982,357,0,
1771381758990,357,0,
1771381758994,358,0,
1771381758998,355,0,
1771381759007,355,0,
1771381759011,356,0,
1771381759015,355,0,
1771381759019,354,0,
1771381759027,353,0,
1771381759031,353,0,
1771381759035,354,0,
1771381759039,354,0,
1771381759048,351,0,
1771381759052,352,0,
1771381759056,354,0,
1771381759064,354,0,
1771381759068,352,0,
1771381759072,350,0,
1771381759076,350,0,
1771381759084,347,0,
1771381759089,347,0,
1771381759093,348,0,
1771381759097,344,0,
1771381759105,339,0,
1771381759109,331,0,
1771381759113,319,0,
1771381759117,319,0,
1771381759125,323,0,
1771381759130,328,0,
1771381759134,331,0,
1771381759142,334,0,
1771381759146,332,0,
1771381759150,335,0,
1771381759154,341,0,
1771381759162,345,0,
1771381759166,345,0,
1771381759170,346,0,
1771381759175,347,0,
1771381759183,345,0,
1771381759187,346,0,
1771381759191,347,0,
1771381759199,345,0,
1771381759203,347,0,
1771381759208,347,0,
1771381759211,345,0,
1771381759220,346,0,
1771381759224,349,0,
1771381759228,347,0,
1771381759232,353,0,
1771381759240,362,0,
1771381759244,361,0,
1771381759249,334,0,
1771381759252,282,0,
1771381759261,197,0,
1771381759265,66,0,
1771381759269,0,0,
1771381759269,0,0,
1771381759273,0,0,
1771381759277,0,0,
1771381759281,45,0,
1771381759285,175,0,
1771381759289,324,0,
1771381759297,373,0,
1771381759301,364,0,
1771381759306,359,0,
1771381759310,366,0,
1771381759318,373,0,
1771381759322,377,0,
1771381759326,381,0,
1771381759334,381,0,
1771381759338,380,0,
1771381759342,382,0,
1771381759347,380,0,
1771381759355,379,0,
1771381759359,378,0,
1771381759363,375,0,
1771381759367,373,0,
1771381759375,372,0,
1771381759379,369,0,
1771381759384,368,0,
1771381759392,367,0,
1771381759396,364,0,
1771381759400,359,0,
1771381759404,356,0,
1771381759413,355,0,
1771381759416,350,0,
1771381759420,346,0,
1771381759424,342,0,
1771381759433,338,0,
1771381759437,333,0,
1771381759441,329,0,
1771381759445,323,0,
1771381759453,318,0,
1771381759457,313,0,
1771381759461,309,0,
1771381759469,304,0,
1771381759474,302,0,
1771381759478,300,0,
1771381759482,296,0,
1771381759490,296,0,
1771381759494,296,0,
1771381759498,294,0,
1771381759502,293,0,
1771381759511,293,0,
1771381759514,293,0,
1771381759519,296,0,
1771381759527,298,0,
1771381759531,302,0,
1771381759535,307,0,
1771381759540,314,0,
1771381759547,318,0,
1771381759551,324,0,
1771381759555,331,0,
1771381759560,337,0,
1771381759568,340,0,
1771381759573,343,0,
1771381759576,348,0,
1771381759580,349,0,
1771381759588,351,0,
1771381759592,354,0,
1771381759597,353,0,
1771381759605,355,0,
1771381759609,356,0,
1771381759614,355,0,
1771381759617,356,0,
1771381759625,356,0,
1771381759629,354,0,
1771381759633,356,0,
1771381759637,358,0,
1771381759646,358,0,
1771381759650,355,0,
1771381759654,355,0,
1771381759662,357,0,
1771381759666,355,0,
1771381759670,356,0,
1771381759674,357,0,
1771381759683,357,0,
1771381759687,357,0,
1771381759691,357,0,
1771381759695,355,0,
1771381759703,356,0,
1771381759707,358,0,
1771381759711,355,0,
1771381759715,356,0,
1771381759723,356,0,
1771381759727,357,0,
1771381759732,355,0,
1771381759740,355,0,
1771381759744,357,0,
1771381759748,354,0,
1771381759752,354,0,
1771381759760,354,0,
1771381759764,354,0,
1771381759768,354,0,
1771381759773,354,0,
1771381759781,352,0,
1771381759785,353,0,
1771381759789,353,0,
1771381759797,353,0,
1771381759801,353,0,
1771381759805,352,0,
1771381759810,352,0,
1771381759818,351,0,
1771381759822,351,0,
1771381759826,350,0,
1771381759830,347,0,
1771381759838,348,0,
1771381759842,348,0,
1771381759846,346,0,
1771381759850,346,0,
1771381759858,343,0,
1771381759863,336,0,
1771381759867,326,0,
1771381759875,317,0,
1771381759879,320,0,
1771381759883,325,0,
1771381759887,330,0,
1771381759895,333,0,
1771381759899,332,0,
1771381759904,334,0,
1771381759908,338,0,
1771381759916,343,0,
1771381759920,347,0,
1771381759924,347,0,
1771381759932,345,0,
1771381759936,345,0,
1771381759940,346,0,
1771381759944,345,0,
1771381759953,346,0,
1771381759957,347,0,
1771381759961,347,0,
1771381759965,345,0,
1771381759973,346,0,
1771381759977,348,0,
1771381759981,346,0,
1771381759990,346,0,
1771381759994,354,0,
1771381759998,360,0,
1771381760002,356,0,
1771381760010,324,0,
1771381760014,261,0,
1771381760018,161,0,
1771381760022,29,0,
1771381760026,0,0,
1771381760031,0,0,
1771381760031,0,0,
1771381760035,10,0,
1771381760043,119,0,
1771381760047,283,0,
1771381760051,365,0,
1771381760059,368,0,
1771381760063,356,0,
1771381760067,358,0,
1771381760071,369,0,
1771381760080,375,0,
1771381760084,378,0,
1771381760088,380,0,
1771381760092,379,0,
1771381760100,379,0,
1771381760104,379,0,
1771381760108,377,0,
1771381760112,374,0,
1771381760121,374,0,
1771381760125,374,0,
1771381760129,371,0,
1771381760137,368,0,
1771381760141,367,0,
1771381760145,363,0,
1771381760149,359,0,
1771381760157,358,0,
1771381760162,355,0,
1771381760166,350,0,
1771381760170,348,0,
1771381760178,344,0,
1771381760183,339,0,
1771381760186,336,0,
1771381760194,331,0,
1771381760198,326,0,
1771381760203,322,0,
1771381760207,318,0,
1771381760215,311,0,
1771381760219,306,0,
1771381760223,305,0,
1771381760227,299,0,
1771381760235,295,0,
1771381760240,294,0,
1771381760243,292,0,
1771381760248,290,0,
1771381760256,291,0,
1771381760260,290,0,
1771381760264,289,0,
1771381760272,291,0,
1771381760276,291,0,
1771381760280,294,0,
1771381760284,297,0,
1771381760293,305,0,
1771381760297,309,0,
1771381760301,314,0,
1771381760305,322,0,
1771381760313,326,0,
1771381760317,331,0,
1771381760321,337,0,
1771381760330,340,0,
1771381760334,345,0,
1771381760338,348,0,
1771381760342,349,0,
1771381760350,349,0,
1771381760354,353,0,
1771381760358,353,0,
1771381760363,353,0,
1771381760371,354,0,
1771381760375,356,0,
1771381760379,355,0,
1771381760387,354,0,
1771381760391,356,0,
1771381760395,355,0,
1771381760399,354,0,
1771381760407,356,0,
1771381760411,354,0,
1771381760416,355,0,
1771381760420,355,0,
1771381760428,356,0,
1771381760432,354,0,
1771381760436,355,0,
1771381760440,354,0,
1771381760448,353,0,
1771381760452,354,0,
1771381760456,356,0,
1771381760465,354,0,
1771381760469,353,0,
1771381760473,356,0,
1771381760477,355,0,
1771381760485,354,0,
1771381760489,356,0,
1771381760493,355,0,
1771381760497,354,0,
1771381760506,354,0,
1771381760510,353,0,
1771381760514,352,0,
1771381760522,353,0,
1771381760526,353,0,
1771381760530,350,0,
1771381760534,350,0,
1771381760543,352,0,
1771381760547,351,0,
1771381760551,349,0,
1771381760555,350,0,
1771381760563,347,0,
1771381760567,347,0,
1771381760571,349,0,
1771381760575,347,0,
1771381760583,346,0,
1771381760588,347,0,
1771381760592,347,0,
1771381760600,343,0,
1771381760604,344,0,
1771381760608,345,0,
1771381760612,344,0,
1771381760620,342,0,
1771381760624,339,0,
1771381760628,332,0,
1771381760633,319,0,
1771381760641,314,0,
1771381760645,315,0,
1771381760649,321,0,
1771381760657,327,0,
1771381760661,327,0,
1771381760665,328,0,
1771381760669,332,0,
1771381760678,336,0,
1771381760682,338,0,
1771381760686,341,0,
1771381760690,343,0,
1771381760698,340,0,
1771381760702,339,0,
1771381760706,341,0,
1771381760711,341,0,
1771381760719,340,0,
1771381760723,342,0,
1771381760727,341,0,
1771381760735,341,0,
1771381760739,343,0,
1771381760743,342,0,
1771381760747,341,0,
1771381760755,345,0,
1771381760760,356,0,
1771381760764,362,0,
1771381760768,352,0,
1771381760776,314,0,
1771381760780,243,0,
1771381760784,134,0,
1771381760788,8,0,
1771381760792,0,0,
1771381760796,0,0,
1771381760796,0,0,
1771381760801,38,0,
1771381760809,157,0,
1771381760813,307,0,
1771381760817,373,0,
1771381760821,368,0,
1771381760829,354,0,
1771381760833,355,0,
1771381760837,365,0,
1771381760841,371,0,
1771381760850,375,0,
1771381760854,375,0,
1771381760858,373,0,
1771381760866,373,0,
1771381760870,371,0,
1771381760874,369,0,
1771381760878,368,0,
1771381760887,368,0,
1771381760891,367,0,
1771381760895,364,0,
1771381760899,363,0,
1771381760907,360,0,
1771381760911,358,0,
1771381760915,355,0,
1771381760923,353,0,
1771381760927,350,0,
1771381760932,347,0,
1771381760936,344,0,
1771381760944,339,0,
1771381760948,336,0,
1771381760952,331,0,
1771381760956,325,0,
1771381760964,320,0,
1771381760968,315,0,
1771381760973,310,0,
1771381760977,306,0,
1771381760985,301,0,
1771381760989,299,0,
1771381760993,294,0,
1771381761001,291,0,
1771381761005,289,0,
1771381761009,287,0,
1771381761014,286,0,
1771381761022,285,0,
1771381761026,283,0,
1771381761030,283,0,
1771381761034,283,0,
1771381761042,284,0,
1771381761046,287,0,
1771381761050,291,0,
1771381761059,298,0,
1771381761063,304,0,
1771381761067,311,0,
1771381761072,317,0,
1771381761079,324,0,
1771381761083,330,0,
1771381761087,337,0,
1771381761091,341,0,
1771381761099,345,0,
1771381761104,347,0,
1771381761108,348,0,
1771381761117,349,0,
1771381761121,351,0,
1771381761124,352,0,
1771381761128,352,0,
1771381761137,353,0,
1771381761140,354,0,
1771381761145,353,0,
1771381761149,353,0,
1771381761157,355,0,
1771381761161,355,0,
1771381761166,354,0,
1771381761169,355,0,
1771381761177,355,0,
1771381761181,356,0,
1771381761186,355,0,
1771381761194,354,0,
1771381761198,355,0,
1771381761202,354,0,
1771381761206,354,0,
1771381761214,355,0,
1771381761218,356,0,
1771381761222,356,0,
1771381761226,355,0,
1771381761235,354,0,
1771381761239,355,0,
1771381761243,355,0,
1771381761251,353,0,
1771381761255,355,0,
1771381761259,354,0,
1771381761263,355,0,
1771381761272,354,0,
1771381761276,352,0,
1771381761280,352,0,
1771381761284,353,0,
1771381761292,353,0,
1771381761297,351,0,
1771381761300,351,0,
1771381761304,351,0,
1771381761313,350,0,
1771381761317,350,0,
1771381761321,350,0,
1771381761329,349,0,
1771381761333,347,0,
1771381761337,349,0,
1771381761341,348,0,
1771381761349,347,0,
1771381761353,345,0,
1771381761358,345,0,
1771381761362,344,0,
1771381761370,345,0,
1771381761374,344,0,
1771381761378,338,0,
1771381761386,333,0,
1771381761390,324,0,
1771381761394,318,0,
1771381761399,322,0,
1771381761407,327,0,
1771381761411,331,0,
1771381761415,333,0,
1771381761419,335,0,
1771381761427,336,0,
1771381761431,340,0,
1771381761435,343,0,
1771381761439,344,0,
1771381761448,345,0,
1771381761452,345,0,
1771381761456,346,0,
1771381761464,345,0,
1771381761468,345,0,
1771381761472,346,0,
1771381761476,345,0,
1771381761485,346,0,
1771381761489,348,0,
1771381761493,348,0,
1771381761497,349,0,
1771381761505,348,0,
1771381761509,349,0,
1771381761513,359,0,
1771381761521,364,0,
1771381761525,349,0,
1771381761530,307,0,
1771381761534,238,0,
1771381761542,130,0,
1771381761546,11,0,
1771381761546,0,0,
1771381761550,0,0,
1771381761554,27,0,
1771381761558,126,0,
1771381761566,278,0,
1771381761570,371,0,
1771381761575,377,0,
1771381761583,361,0,
1771381761587,358,0,
1771381761591,367,0,
1771381761595,371,0,
1771381761603,375,0,
1771381761607,379,0,
1771381761611,377,0,
1771381761616,377,0,
1771381761624,378,0,
1771381761628,376,0,
1771381761632,374,0,
1771381761636,374,0,
1771381761644,371,0,
1771381761648,369,0,
1771381761652,367,0,
1771381761661,367,0,
1771381761665,363,0,
1771381761669,362,0,
1771381761673,363,0,
1771381761681,358,0,
1771381761685,353,0,
1771381761690,352,0,
1771381761693,347,0,
1771381761702,343,0,
1771381761706,340,0,
1771381761710,334,0,
1771381761718,330,0,
1771381761722,326,0,
1771381761726,320,0,
1771381761730,314,0,
1771381761738,311,0,
1771381761743,308,0,
1771381761747,303,0,
1771381761751,299,0,
1771381761759,299,0,
1771381761763,295,0,
1771381761767,295,0,
1771381761771,296,0,
1771381761779,292,0,
1771381761783,289,0,
1771381761788,291,0,
1771381761796,292,0,
1771381761800,294,0,
1771381761804,299,0,
1771381761808,302,0,
1771381761816,308,0,
1771381761820,315,0,
1771381761824,323,0,
1771381761829,326,0,
1771381761837,331,0,
1771381761841,340,0,
1771381761845,342,0,
1771381761853,347,0,
1771381761857,353,0,
1771381761861,354,0,
1771381761865,355,0,
1771381761874,358,0,
1771381761878,358,0,
1771381761882,357,0,
1771381761886,360,0,
1771381761894,360,0,
1771381761898,359,0,
1771381761902,361,0,
1771381761906,362,0,
1771381761914,360,0,
1771381761919,359,0,
1771381761923,360,0,
1771381761931,358,0,
1771381761935,357,0,
1771381761939,359,0,
1771381761943,358,0,
1771381761951,357,0,
1771381761955,359,0,
1771381761960,358,0,
1771381761964,358,0,
1771381761972,359,0,
1771381761976,358,0,
1771381761980,358,0,
1771381761988,358,0,
1771381761992,360,0,
1771381761996,358,0,
1771381762001,357,0,
1771381762009,358,0,
1771381762013,357,0,
1771381762017,355,0,
1771381762021,358,0,
1771381762029,357,0,
1771381762033,356,0,
1771381762037,356,0,
1771381762046,355,0,
1771381762050,355,0,
1771381762054,357,0,
1771381762058,354,0,
1771381762066,354,0,
1771381762070,353,0,
1771381762074,355,0,
1771381762078,353,0,
1771381762087,352,0,
1771381762091,355,0,
1771381762095,352,0,
1771381762099,349,0,
1771381762107,350,0,
1771381762111,349,0,
1771381762115,349,0,
1771381762123,348,0,
1771381762128,343,0,
1771381762132,336,0,
1771381762136,327,0,
1771381762144,322,0,
1771381762148,326,0,
1771381762152,330,0,
1771381762156,335,0,
1771381762164,335,0,
1771381762168,336,0,
1771381762173,341,0,
1771381762181,343,0,
1771381762185,345,0,
1771381762189,349,0,
1771381762193,348,0,
1771381762201,348,0,
1771381762205,349,0,
1771381762210,348,0,
1771381762213,347,0,
1771381762222,349,0,
1771381762226,349,0,
1771381762230,347,0,
1771381762234,348,0,
1771381762242,351,0,
1771381762246,347,0,
1771381762250,347,0,
1771381762259,353,0,
1771381762263,362,0,
1771381762267,365,0,
1771381762272,349,0,
1771381762280,302,0,
1771381762283,227,0,
1771381762288,106,0,
1771381762291,0,0,
1771381762295,0,0,
1771381762295,0,0,
1771381762299,0,0,
1771381762304,25,0,
1771381762312,147,0,
1771381762317,307,0,
1771381762320,371,0,
1771381762324,366,0,
1771381762333,360,0,
1771381762337,367,0,
1771381762340,376,0,
1771381762345,381,0,
1771381762354,384,0,
1771381762357,385,0,
1771381762361,384,0,
1771381762366,384,0,
1771381762373,383,0,
1771381762377,381,0,
1771381762381,379,0,
1771381762390,379,0,
1771381762394,375,0,
1771381762398,375,0,
1771381762402,373,0,
1771381762410,370,0,
1771381762414,369,0,
1771381762418,365,0,
1771381762422,363,0,
1771381762431,358,0,
1771381762435,356,0,
1771381762439,354,0,
1771381762447,349,0,
1771381762451,345,0,
1771381762455,342,0,
1771381762459,336,0,
1771381762467,331,0,
1771381762472,327,0,
1771381762476,320,0,
1771381762480,317,0,
1771381762488,311,0,
1771381762492,306,0,
1771381762496,303,0,
1771381762500,301,0,
1771381762508,299,0,
1771381762512,298,0,
1771381762517,296,0,
1771381762525,297,0,
1771381762529,295,0,
1771381762533,295,0,
1771381762537,296,0,
1771381762546,296,0,
1771381762549,302,0,
1771381762554,305,0,
1771381762558,309,0,
1771381762566,314,0,
1771381762570,320,0,
1771381762574,325,0,
1771381762582,331,0,
1771381762586,336,0,
1771381762590,340,0,
1771381762594,343,0,
1771381762603,346,0,
1771381762607,350,0,
1771381762611,350,0,
1771381762615,352,0,
1771381762623,353,0,
1771381762627,354,0,
1771381762631,355,0,
1771381762635,354,0,
1771381762644,353,0,
1771381762648,355,0,
1771381762652,355,0,
1771381762660,355,0,
1771381762664,355,0,
1771381762668,357,0,
1771381762672,357,0,
1771381762681,356,0,
1771381762685,355,0,
1771381762689,356,0,
1771381762693,355,0,
1771381762701,356,0,
1771381762705,356,0,
1771381762709,354,0,
1771381762717,356,0,
1771381762721,356,0,
1771381762725,355,0,
1771381762730,356,0,
1771381762738,356,0,
1771381762742,354,0,
1771381762746,355,0,
1771381762750,355,0,
1771381762758,355,0,
1771381762762,354,0,
1771381762766,353,0,
1771381762775,355,0,
1771381762779,354,0,
1771381762783,352,0,
1771381762787,353,0,
1771381762795,353,0,
1771381762799,354,0,
1771381762803,353,0,
1771381762807,352,0,
1771381762816,351,0,
1771381762820,351,0,
1771381762824,349,0,
1771381762828,349,0,
1771381762836,350,0,
1771381762840,350,0,
1771381762844,346,0,
1771381762852,346,0,
1771381762856,348,0,
1771381762861,345,0,
1771381762865,344,0,
1771381762873,341,0,
1771381762877,335,0,
1771381762881,325,0,
1771381762885,316,0,
1771381762893,317,0,
1771381762898,323,0,
1771381762901,328,0,
1771381762910,331,0,
1771381762914,331,0,
1771381762918,335,0,
1771381762922,339,0,
1771381762930,343,0,
1771381762934,345,0,
1771381762938,347,0,
1771381762942,347,0,
1771381762951,346,0,
1771381762955,346,0,
1771381762959,345,0,
1771381762963,346,0,
1771381762971,347,0,
1771381762975,346,0,
1771381762979,347,0,
1771381762988,348,0,
1771381762992,346,0,
1771381762996,346,0,
1771381763000,346,0,
1771381763008,356,0,
1771381763012,363,0,
1771381763016,359,0,
1771381763020,328,0,
1771381763029,267,0,
1771381763033,167,0,
1771381763037,32,0,
1771381763041,0,0,
1771381763045,0,0,
1771381763045,0,0,
1771381763049,6,0,
1771381763053,77,0,
1771381763057,215,0,
1771381763066,344,0,
1771381763069,374,0,
1771381763074,361,0,
1771381763078,359,0,
1771381763086,367,0,
1771381763090,376,0,
1771381763094,380,0,
1771381763098,381,0,
1771381763106,382,0,
1771381763110,380,0,
1771381763114,380,0,
1771381763123,378,0,
1771381763127,376,0,
1771381763131,375,0,
1771381763135,374,0,
1771381763143,371,0,
1771381763147,368,0,
1771381763151,366,0,
1771381763155,364,0,
1771381763164,362,0,
1771381763168,360,0,
1771381763172,357,0,
1771381763181,353,0,
1771381763184,350,0,
1771381763188,347,0,
1771381763192,343,0,
1771381763201,340,0,
1771381763205,335,0,
1771381763209,329,0,
1771381763213,325,0,
1771381763221,321,0,
1771381763225,316,0,
1771381763229,311,0,
1771381763233,308,0,
1771381763242,304,0,
1771381763246,299,0,
1771381763250,297,0,
1771381763258,296,0,
1771381763262,293,0,
1771381763266,291,0,
1771381763270,292,0,
1771381763278,290,0,
1771381763282,291,0,
1771381763287,291,0,
1771381763291,293,0,
1771381763299,298,0,
1771381763303,302,0,
1771381763307,308,0,
1771381763315,313,0,
1771381763319,319,0,
1771381763323,327,0,
1771381763328,331,0,
1771381763336,337,0,
1771381763340,342,0,
1771381763344,345,0,
1771381763348,348,0,
1771381763356,350,0,
1771381763360,350,0,
1771381763364,354,0,
1771381763373,353,0,
1771381763377,352,0,
1771381763381,354,0,
1771381763385,355,0,
1771381763393,355,0,
1771381763397,355,0,
1771381763401,356,0,
1771381763405,356,0,
1771381763414,355,0,
1771381763418,355,0,
1771381763422,357,0,
1771381763426,355,0,
1771381763434,354,0,
1771381763438,355,0,
1771381763442,355,0,
1771381763450,357,0,
1771381763454,357,0,
1771381763459,356,0,
1771381763463,356,0,
1771381763471,356,0,
1771381763475,356,0,
1771381763479,355,0,
1771381763484,357,0,
1771381763491,357,0,
1771381763495,355,0,
1771381763500,355,0,
1771381763508,355,0,
1771381763512,354,0,
1771381763516,353,0,
1771381763520,354,0,
1771381763528,352,0,
1771381763533,355,0,
1771381763536,354,0,
1771381763540,352,0,
1771381763549,352,0,
1771381763553,353,0,
1771381763557,352,0,
1771381763562,352,0,
1771381763569,351,0,
1771381763573,353,0,
1771381763577,351,0,
1771381763586,350,0,
1771381763590,350,0,
1771381763594,349,0,
1771381763598,350,0,
1771381763606,348,0,
1771381763610,345,0,
1771381763614,346,0,
1771381763618,347,0,
1771381763627,345,0,
1771381763631,345,0,
1771381763635,342,0,
1771381763643,339,0,
1771381763647,328,0,
1771381763651,317,0,
1771381763655,316,0,
1771381763663,320,0,
1771381763667,327,0,
1771381763672,331,0,
1771381763676,330,0,
1771381763684,333,0,
1771381763688,338,0,
1771381763692,340,0,
1771381763696,342,0,
1771381763704,344,0,
1771381763708,344,0,
1771381763713,345,0,
1771381763721,347,0,
1771381763725,346,0,
1771381763729,345,0,
1771381763733,345,0,
1771381763741,346,0,
1771381763745,345,0,
1771381763749,344,0,
1771381763753,344,0,
1771381763762,344,0,
1771381763766,345,0,
1771381763770,351,0,
1771381763778,360,0,
1771381763782,363,0,
1771381763786,343,0,
1771381763791,292,0,
1771381763799,210,0,
1771381763803,86,0,
1771381763803,0,0,
1771381763807,0,0,
1771381763811,0,0,
1771381763815,0,0,
1771381763819,55,0,
1771381763823,182,0,
1771381763827,325,0,
1771381763836,376,0,
1771381763840,367,0,
1771381763844,355,0,
1771381763848,359,0,
1771381763856,367,0,
1771381763860,369,0,
1771381763864,373,0,
1771381763868,376,0,
1771381763876,375,0,
1771381763880,374,0,
1771381763884,374,0,
1771381763889,373,0,
1771381763897,368,0,
1771381763901,367,0,
1771381763905,367,0,
1771381763913,364,0,
1771381763917,363,0,
1771381763921,366,0,
1771381763925,361,0,
1771381763934,356,0,
1771381763938,351,0,
1771381763942,349,0,
1771381763946,345,0,
1771381763954,342,0,
1771381763958,339,0,
1771381763962,338,0,
1771381763971,335,0,
1771381763975,328,0,
1771381763979,317,0,
1771381763983,312,0,
1771381763991,310,0,
1771381763995,307,0,
1771381763999,297,0,
1771381764003,293,0,
1771381764012,289,0,
1771381764016,289,0,
1771381764020,286,0,
1771381764024,283,0,
1771381764032,286,0,
1771381764036,286,0,
1771381764040,284,0,
1771381764048,283,0,
1771381764052,284,0,
1771381764057,284,0,
1771381764061,286,0,
1771381764069,290,0,
1771381764073,296,0,
1771381764077,300,0,
1771381764081,305,0,
1771381764089,313,0,
1771381764094,320,0,
1771381764097,327,0,
1771381764106,332,0,
1771381764110,334,0,
1771381764114,339,0,
1771381764118,344,0,
1771381764126,347,0,
1771381764130,347,0,
1771381764134,347,0,
1771381764139,347,0,
1771381764147,348,0,
1771381764151,350,0,
1771381764156,352,0,
1771381764159,351,0,
1771381764167,352,0,
1771381764171,352,0,
1771381764175,349,0,
1771381764183,353,0,
1771381764188,353,0,
1771381764192,352,0,
1771381764196,352,0,
1771381764204,353,0,
1771381764208,351,0,
1771381764212,350,0,
1771381764217,352,0,
1771381764224,354,0,
1771381764229,352,0,
1771381764233,351,0,
1771381764241,353,0,
1771381764245,353,0,
1771381764250,354,0,
1771381764253,352,0,
1771381764261,350,0,
1771381764265,353,0,
1771381764269,354,0,
1771381764274,353,0,
1771381764283,351,0,
1771381764286,351,0,
1771381764290,351,0,
1771381764294,352,0,
1771381764302,354,0,
1771381764306,350,0,
1771381764310,346,0,
1771381764319,345,0,
1771381764323,349,0,
1771381764327,348,0,
1771381764331,349,0,
1771381764339,347,0,
1771381764343,345,0,
1771381764348,347,0,
1771381764351,347,0,
1771381764360,345,0,
1771381764364,344,0,
1771381764368,343,0,
1771381764376,342,0,
1771381764380,342,0,
1771381764384,343,0,
1771381764389,342,0,
1771381764396,337,0,
1771381764401,334,0,
1771381764405,325,0,
1771381764409,316,0,
1771381764417,318,0,
1771381764421,323,0,
1771381764425,326,0,
1771381764433,330,0,
1771381764437,332,0,
1771381764442,334,0,
1771381764446,337,0,
1771381764454,341,0,
1771381764458,343,0,
1771381764463,343,0,
1771381764466,342,0,
1771381764475,344,0,
1771381764479,343,0,
1771381764483,342,0,
1771381764487,343,0,
1771381764495,343,0,
1771381764499,344,0,
1771381764503,344,0,
1771381764511,342,0,
1771381764516,344,0,
1771381764519,344,0,
1771381764523,345,0,
1771381764532,353,0,
1771381764536,363,0,
1771381764540,355,0,
1771381764544,320,0,
1771381764552,258,0,
1771381764556,159,0,
1771381764560,30,0,
1771381764564,0,0,
1771381764568,0,0,
1771381764568,0,0,
1771381764573,27,0,
1771381764581,144,0,
1771381764585,302,0,
1771381764589,379,0,
1771381764593,379,0,
1771381764601,362,0,
1771381764605,360,0,
1771381764609,366,0,
1771381764613,371,0,
1771381764622,376,0,
1771381764626,378,0,
1771381764630,376,0,
1771381764638,376,0,
1771381764642,376,0,
1771381764646,374,0,
1771381764650,373,0,
1771381764659,371,0,
1771381764663,370,0,
1771381764667,367,0,
1771381764671,367,0,
1771381764679,365,0,
1771381764684,362,0,
1771381764687,360,0,
1771381764691,356,0,
1771381764700,353,0,
1771381764704,352,0,
1771381764708,348,0,
1771381764716,344,0,
1771381764720,341,0,
1771381764725,336,0,
1771381764728,330,0,
1771381764736,328,0,
1771381764741,322,0,
1771381764745,319,0,
1771381764749,314,0,
1771381764757,309,0,
1771381764761,306,0,
1771381764765,302,0,
1771381764773,299,0,
1771381764777,297,0,
1771381764781,294,0,
1771381764786,294,0,
1771381764794,292,0,
1771381764798,290,0,
1771381764802,289,0,
1771381764806,288,0,
1771381764815,290,0,
1771381764818,293,0,
1771381764823,296,0,
1771381764831,301,0,
1771381764835,306,0,
1771381764840,314,0,
1771381764843,320,0,
1771381764851,327,0,
1771381764855,335,0,
1771381764859,341,0,
1771381764863,346,0,
1771381764872,352,0,
1771381764876,354,0,
1771381764880,354,0,
1771381764884,358,0,
1771381764892,359,0,
1771381764896,360,0,
1771381764900,361,0,
1771381764908,359,0,
1771381764913,360,0,
1771381764917,359,0,
1771381764921,361,0,
1771381764929,362,0,
1771381764933,360,0,
1771381764937,361,0,
1771381764941,361,0,
1771381764949,360,0,
1771381764953,360,0,
1771381764958,361,0,
1771381764966,359,0,
1771381764970,361,0,
1771381764974,361,0,
1771381764978,362,0,
1771381764986,361,0,
1771381764990,360,0,
1771381764994,360,0,
1771381764999,360,0,
1771381765007,361,0,
1771381765011,361,0,
1771381765015,360,0,
1771381765019,361,0,
1771381765027,360,0,
1771381765032,359,0,
1771381765036,361,0,
1771381765044,360,0,
1771381765048,360,0,
1771381765052,361,0,
1771381765056,361,0,
1771381765064,359,0,
1771381765068,359,0,
1771381765072,358,0,
1771381765077,358,0,
1771381765085,359,0,
1771381765089,359,0,
1771381765093,358,0,
1771381765101,357,0,
1771381765105,357,0,
1771381765109,356,0,
1771381765113,355,0,
1771381765121,356,0,
1771381765125,356,0,
1771381765130,353,0,
1771381765134,353,0,
1771381765142,352,0,
1771381765146,352,0,
1771381765150,351,0,
1771381765154,352,0,
1771381765162,349,0,
1771381765166,344,0,
1771381765171,336,0,
1771381765179,326,0,
1771381765183,324,0,
1771381765187,329,0,
1771381765191,333,0,
1771381765199,334,0,
1771381765203,336,0,
1771381765207,338,0,
1771381765211,339,0,
1771381765220,345,0,
1771381765224,348,0,
1771381765228,351,0,
1771381765236,350,0,
1771381765240,350,0,
1771381765244,350,0,
1771381765248,349,0,
1771381765257,349,0,
1771381765261,350,0,
1771381765265,350,0,
1771381765269,351,0,
1771381765277,351,0,
1771381765281,350,0,
1771381765285,351,0,
1771381765293,351,0,
1771381765297,358,0,
1771381765302,368,0,
1771381765306,368,0,
1771381765314,343,0,
1771381765318,288,0,
1771381765322,197,0,
1771381765326,62,0,
1771381765330,0,0,
1771381765334,0,0,
1771381765334,0,0,
1771381765338,0,0,
1771381765343,27,0,
1771381765347,155,0,
1771381765355,314,0,
1771381765359,373,0,
1771381765363,366,0,
1771381765371,361,0,
1771381765375,367,0,
1771381765379,377,0,
1771381765383,383,0,
1771381765392,385,0,
1771381765396,386,0,
1771381765400,387,0,
1771381765404,386,0,
1771381765412,385,0,
1771381765416,384,0,
1771381765420,383,0,
1771381765429,380,0,
1771381765433,377,0,
1771381765437,376,0,
1771381765441,374,0,
1771381765449,372,0,
1771381765453,371,0,
1771381765457,368,0,
1771381765461,366,0,
1771381765469,360,0,
1771381765474,355,0,
1771381765478,354,0,
1771381765482,350,0,
1771381765490,344,0,
1771381765494,338,0,
1771381765498,334,0,
1771381765506,330,0,
1771381765510,326,0,
1771381765515,320,0,
1771381765519,315,0,
1771381765527,311,0,
1771381765531,307,0,
1771381765535,305,0,
1771381765539,302,0,
1771381765547,302,0,
1771381765551,299,0,
1771381765555,298,0,
1771381765564,299,0,
1771381765568,296,0,
1771381765572,295,0,
1771381765576,295,0,
1771381765584,297,0,
1771381765588,301,0,
1771381765592,304,0,
1771381765597,308,0,
1771381765605,314,0,
1771381765609,319,0,
1771381765613,324,0,
1771381765617,330,0,
1771381765625,337,0,
1771381765630,341,0,
1771381765633,345,0,
1771381765642,346,0,
1771381765646,349,0,
1771381765650,350,0,
1771381765654,352,0,
1771381765662,353,0,
1771381765667,352,0,
1771381765671,355,0,
1771381765674,354,0,
1771381765682,353,0,
1771381765687,355,0,
1771381765691,355,0,
1771381765699,354,0,
1771381765703,357,0,
1771381765707,356,0,
1771381765711,356,0,
1771381765719,355,0,
1771381765723,354,0,
1771381765728,355,0,
1771381765732,356,0,
1771381765740,357,0,
1771381765744,355,0,
1771381765748,355,0,
1771381765752,354,0,
1771381765760,353,0,
1771381765764,353,0,
1771381765768,354,0,
1771381765777,354,0,
1771381765781,352,0,
1771381765785,353,0,
1771381765789,352,0,
1771381765797,353,0,
1771381765801,353,0,
1771381765805,351,0,
1771381765809,352,0,
1771381765818,351,0,
1771381765822,352,0,
1771381765826,352,0,
1771381765834,352,0,
1771381765838,351,0,
1771381765842,350,0,
1771381765846,350,0,
1771381765854,350,0,
1771381765859,351,0,
1771381765863,349,0,
1771381765867,349,0,
1771381765875,348,0,
1771381765879,348,0,
1771381765883,345,0,
1771381765891,345,0,
1771381765895,345,0,
1771381765900,346,0,
1771381765904,346,0,
1771381765912,345,0,
1771381765916,344,0,
1771381765920,342,0,
1771381765924,342,0,
1771381765933,340,0,
1771381765936,341,0,
1771381765941,339,0,
1771381765945,337,0,
1771381765953,330,0,
1771381765957,319,0,
1771381765961,314,0,
1771381765969,317,0,
1771381765973,322,0,
1771381765977,326,0,
1771381765981,326,0,
1771381765990,330,0,
1771381765994,333,0,
1771381765998,336,0,
1771381766002,340,0,
1771381766010,342,0,
1771381766014,343,0,
1771381766018,344,0,
1771381766026,343,0,
1771381766031,344,0,
1771381766035,343,0,
1771381766039,342,0,
1771381766047,343,0,
1771381766051,343,0,
1771381766055,344,0,
1771381766059,344,0,
1771381766068,345,0,
1771381766072,347,0,
1771381766076,347,0,
1771381766080,355,0,
1771381766088,363,0,
1771381766092,351,0,
1771381766096,311,0,
1771381766104,244,0,
1771381766108,130,0,
1771381766112,0,0,
1771381766112,0,0,
1771381766117,0,0,
1771381766121,0,0,
1771381766125,0,0,
1771381766129,60,0,
1771381766133,202,0,
1771381766137,342,0,
1771381766141,375,0,
1771381766149,363,0,
1771381766153,361,0,
1771381766158,367,0,
1771381766166,375,0,
1771381766170,381,0,
1771381766174,383,0,
1771381766178,382,0,
1771381766186,383,0,
1771381766191,383,0,
1771381766194,378,0,
1771381766199,378,0,
1771381766207,380,0,
1771381766211,374,0,
1771381766215,372,0,
1771381766224,373,0,
1771381766227,370,0,
1771381766231,368,0,
1771381766235,367,0,
1771381766244,364,0,
1771381766248,358,0,
1771381766252,357,0,
1771381766256,353,0,
1771381766264,347,0,
1771381766268,345,0,
1771381766272,343,0,
1771381766276,337,0,
1771381766285,331,0,
1771381766289,328,0,
1771381766293,322,0,
1771381766301,317,0,
1771381766305,314,0,
1771381766309,309,0,
1771381766313,305,0,
1771381766321,302,0,
1771381766325,300,0,
1771381766330,297,0,
1771381766334,298,0,
1771381766342,296,0,
1771381766346,295,0,
1771381766350,296,0,
1771381766358,296,0,
1771381766362,294,0,
1771381766366,295,0,
1771381766371,301,0,
1771381766379,304,0,
1771381766383,308,0,
1771381766387,315,0,
1771381766391,319,0,
1771381766399,323,0,
1771381766403,331,0,
1771381766407,336,0,
1771381766411,341,0,
1771381766420,346,0,
1771381766424,348,0,
1771381766428,350,0,
1771381766436,353,0,
1771381766440,356,0,
1771381766444,355,0,
1771381766448,354,0,
1771381766457,358,0,
1771381766461,356,0,
1771381766465,356,0,
1771381766469,358,0,
1771381766477,357,0,
1771381766481,358,0,
1771381766485,358,0,
1771381766493,356,0,
1771381766497,357,0,
1771381766502,359,0,
1771381766506,358,0,
1771381766514,357,0,
1771381766518,357,0,
1771381766522,358,0,
1771381766526,355,0,
1771381766534,354,0,
1771381766538,357,0,
1771381766543,355,0,
1771381766547,356,0,
1771381766555,359,0,
1771381766559,358,0,
1771381766563,356,0,
1771381766571,355,0,
1771381766575,355,0,
1771381766579,354,0,
1771381766583,354,0,
1771381766592,354,0,
1771381766596,354,0,
1771381766600,353,0,
1771381766604,356,0,
1771381766612,353,0,
1771381766616,352,0,
1771381766620,354,0,
1771381766629,352,0,
1771381766633,352,0,
1771381766637,352,0,
1771381766641,352,0,
1771381766649,350,0,
1771381766653,350,0,
1771381766658,350,0,
1771381766661,350,0,
1771381766670,349,0,
1771381766674,350,0,
1771381766678,347,0,
1771381766686,348,0,
1771381766690,349,0,
1771381766694,346,0,
1771381766698,345,0,
1771381766706,347,0,
1771381766710,345,0,
1771381766715,344,0,
1771381766719,344,0,
1771381766727,342,0,
1771381766731,342,0,
1771381766735,343,0,
1771381766739,342,0,
1771381766748,338,0,
1771381766752,333,0,
1771381766756,324,0,
1771381766764,312,0,
1771381766768,313,0,
1771381766772,322,0,
1771381766776,325,0,
1771381766784,327,0,
1771381766789,328,0,
1771381766793,329,0,
1771381766797,332,0,
1771381766805,338,0,
1771381766809,339,0,
1771381766813,340,0,
1771381766821,342,0,
1771381766825,341,0,
1771381766829,340,0,
1771381766833,341,0,
1771381766842,345,0,
1771381766847,342,0,
1771381766850,341,0,
1771381766854,344,0,
1771381766862,343,0,
1771381766866,344,0,
1771381766870,344,0,
1771381766874,344,0,
1771381766883,349,0,
1771381766887,359,0,
1771381766891,358,0,
1771381766899,330,0,
1771381766903,276,0,
1771381766907,180,0,
1771381766911,44,0,
1771381766915,0,0,
1771381766919,0,0,
1771381766919,0,0,
1771381766923,0,0,
1771381766928,48,0,
1771381766932,183,0,
1771381766940,332,0,
1771381766944,375,0,
1771381766948,363,0,
1771381766956,356,0,
1771381766960,363,0,
1771381766964,373,0,
1771381766968,379,0,
1771381766977,381,0,
1771381766981,380,0,
1771381766985,379,0,
1771381766989,378,0,
1771381766997,376,0,
1771381767001,375,0,
1771381767005,376,0,
1771381767010,373,0,
1771381767018,370,0,
1771381767022,369,0,
1771381767026,365,0,
1771381767034,363,0,
1771381767038,361,0,
1771381767042,359,0,
1771381767046,356,0,
1771381767055,355,0,
1771381767059,349,0,
1771381767063,345,0,
1771381767067,343,0,
1771381767075,339,0,
1771381767079,334,0,
1771381767083,329,0,
1771381767091,326,0,
1771381767096,318,0,
1771381767100,314,0,
1771381767104,313,0,
1771381767112,307,0,
1771381767116,303,0,
1771381767120,299,0,
1771381767124,295,0,
1771381767132,292,0,
1771381767136,292,0,
1771381767141,290,0,
1771381767145,289,0,
1771381767153,289,0,
1771381767157,287,0,
1771381767161,287,0,
1771381767169,286,0,
1771381767173,292,0,
1771381767177,296,0,
1771381767182,301,0,
1771381767190,308,0,
1771381767194,312,0,
1771381767198,317,0,
1771381767202,326,0,
1771381767210,330,0,
1771381767214,336,0,
1771381767218,342,0,
1771381767226,344,0,
1771381767231,348,0,
1771381767235,350,0,
1771381767239,353,0,
1771381767247,352,0,
1771381767251,352,0,
1771381767255,354,0,
1771381767259,353,0,
1771381767267,354,0,
1771381767272,355,0,
1771381767276,354,0,
1771381767284,353,0,
1771381767288,354,0,
1771381767292,355,0,
1771381767296,356,0,
1771381767304,357,0,
1771381767308,355,0,
1771381767312,354,0,
1771381767317,355,0,
1771381767325,357,0,
1771381767329,355,0,
1771381767333,354,0,
1771381767337,355,0,
1771381767345,353,0,
1771381767349,352,0,
1771381767353,355,0,
1771381767362,354,0,
1771381767366,352,0,
1771381767370,354,0,
1771381767374,354,0,
1771381767382,353,0,
1771381767386,354,0,
1771381767390,353,0,
1771381767394,352,0,
1771381767403,352,0,
1771381767407,353,0,
1771381767411,351,0,
1771381767419,351,0,
1771381767423,352,0,
1771381767427,350,0,
1771381767431,350,0,
1771381767440,352,0,
1771381767444,349,0,
1771381767448,348,0,
1771381767452,347,0,
1771381767460,347,0,
1771381767464,347,0,
1771381767468,349,0,
1771381767472,348,0,
1771381767480,347,0,
1771381767485,347,0,
1771381767489,348,0,
1771381767497,343,0,
1771381767501,341,0,
1771381767505,343,0,
1771381767509,341,0,
1771381767517,342,0,
1771381767521,341,0,
1771381767526,338,0,
1771381767530,333,0,
1771381767538,325,0,
1771381767542,314,0,
1771381767546,313,0,
1771381767554,321,0,
1771381767558,325,0,
1771381767562,327,0,
1771381767566,329,0,
1771381767575,334,0,
1771381767579,335,0,
1771381767583,339,0,
1771381767587,343,0,
1771381767596,343,0,
1771381767599,342,0,
1771381767603,343,0,
1771381767607,341,0,
1771381767616,341,0,
1771381767620,343,0,
1771381767624,341,0,
1771381767632,339,0,
1771381767636,343,0,
1771381767640,342,0,
1771381767644,343,0,
1771381767653,342,0,
1771381767657,344,0,
1771381767661,350,0,
1771381767665,359,0,
1771381767673,359,0,
1771381767677,330,0,
1771381767681,271,0,
1771381767690,180,0,
1771381767694,55,0,
1771381767694,0,0,
1771381767698,0,0,
1771381767703,0,0,
1771381767706,18,0,
1771381767710,123,0,
1771381767714,281,0,
1771381767722,371,0,
1771381767726,377,0,
1771381767730,359,0,
1771381767734,357,0,
1771381767743,362,0,
1771381767747,367,0,
1771381767751,374,0,
1771381767759,376,0,
1771381767763,375,0,
1771381767767,374,0,
1771381767771,373,0,
1771381767779,372,0,
1771381767784,372,0,
1771381767788,371,0,
1771381767792,368,0,
1771381767800,366,0,
1771381767804,364,0,
1771381767808,362,0,
1771381767816,360,0,
1771381767821,361,0,
1771381767825,355,0,
1771381767829,350,0,
1771381767837,348,0,
1771381767841,343,0,
1771381767845,339,0,
1771381767849,336,0,
1771381767857,332,0,
1771381767861,328,0,
1771381767865,325,0,
1771381767870,319,0,
1771381767878,313,0,
1771381767882,310,0,
1771381767886,307,0,
1771381767894,301,0,
1771381767898,297,0,
1771381767902,296,0,
1771381767906,292,0,
1771381767915,289,0,
1771381767919,290,0,
1771381767923,288,0,
1771381767927,285,0,
1771381767935,285,0,
1771381767939,285,0,
1771381767943,285,0,
1771381767951,288,0,
1771381767956,293,0,
1771381767960,296,0,
1771381767964,304,0,
1771381767972,313,0,
1771381767976,318,0,
1771381767980,322,0,
1771381767984,329,0,
1771381767992,333,0,
1771381767996,338,0,
1771381768001,345,0,
1771381768005,349,0,
1771381768013,348,0,
1771381768017,352,0,
1771381768021,353,0,
1771381768029,353,0,
1771381768033,354,0,
1771381768037,354,0,
1771381768042,356,0,
1771381768050,355,0,
1771381768054,358,0,
1771381768058,355,0,
1771381768062,352,0,
1771381768070,355,0,
1771381768074,356,0,
1771381768078,355,0,
1771381768087,358,0,
1771381768091,356,0,
1771381768095,354,0,
1771381768099,357,0,
1771381768107,357,0,
1771381768111,355,0,
1771381768115,357,0,
1771381768119,357,0,
1771381768128,357,0,
1771381768132,356,0,
1771381768136,360,0,
1771381768140,356,0,
1771381768148,354,0,
1771381768152,357,0,
1771381768156,357,0,
1771381768164,356,0,
1771381768169,357,0,
1771381768173,356,0,
1771381768177,355,0,
1771381768185,355,0,
1771381768189,354,0,
1771381768193,353,0,
1771381768197,354,0,
1771381768205,354,0,
1771381768209,354,0,
1771381768214,353,0,
1771381768222,355,0,
1771381768226,353,0,
1771381768230,350,0,
1771381768234,352,0,
1771381768242,352,0,
1771381768246,351,0,
1771381768250,353,0,
1771381768255,351,0,
1771381768263,348,0,
1771381768267,348,0,
1771381768271,348,0,
1771381768279,349,0,
1771381768283,349,0,
1771381768287,345,0,
1771381768291,339,0,
1771381768300,328,0,
1771381768304,324,0,
1771381768308,324,0,
1771381768312,328,0,
1771381768320,334,0,
1771381768324,336,0,
1771381768328,336,0,
1771381768332,340,0,
1771381768341,343,0,
1771381768345,345,0,
1771381768349,347,0,
1771381768357,349,0,
1771381768361,349,0,
1771381768365,349,0,
1771381768369,349,0,
1771381768377,349,0,
1771381768381,347,0,
1771381768386,350,0,
1771381768390,349,0,
1771381768398,348,0,
1771381768402,351,0,
1771381768406,350,0,
1771381768414,349,0,
1771381768418,352,0,
1771381768423,360,0,
1771381768427,364,0,
1771381768435,359,0,
1771381768439,326,0,
1771381768443,263,0,
1771381768447,161,0,
1771381768451,32,0,
1771381768455,0,0,
1771381768459,0,0,
1771381768463,0,0,
1771381768467,28,0,
1771381768472,143,0,
1771381768476,298,0,
1771381768484,374,0,
1771381768488,374,0,
1771381768492,361,0,
1771381768496,364,0,
1771381768504,373,0,
1771381768509,378,0,
1771381768513,381,0,
1771381768517,383,0,
1771381768525,384,0,
1771381768529,383,0,
1771381768533,384,0,
1771381768537,382,0,
1771381768545,378,0,
1771381768549,380,0,
1771381768553,377,0,
1771381768562,373,0,
1771381768566,373,0,
1771381768570,372,0,
1771381768574,368,0,
1771381768582,366,0,
1771381768586,365,0,
1771381768590,361,0,
1771381768594,359,0,
1771381768603,355,0,
1771381768607,352,0,
1771381768611,346,0,
1771381768619,345,0,
1771381768623,338,0,
1771381768627,330,0,
1771381768631,328,0,
1771381768640,323,0,
1771381768644,316,0,
1771381768648,313,0,
1771381768652,310,0,
1771381768660,306,0,
1771381768664,303,0,
1771381768668,303,0,
1771381768676,301,0,
1771381768680,298,0,
1771381768685,299,0,
1771381768689,298,0,
1771381768697,298,0,
1771381768701,300,0,
1771381768705,300,0,
1771381768709,301,0,
1771381768717,306,0,
1771381768721,310,0,
1771381768726,313,0,
1771381768730,318,0,
1771381768738,325,0,
1771381768742,331,0,
1771381768746,335,0,
1771381768754,341,0,
1771381768758,344,0,
1771381768762,346,0,
1771381768766,351,0,
1771381768775,353,0,
1771381768779,353,0,
1771381768783,356,0,
1771381768787,356,0,
1771381768795,354,0,
1771381768799,357,0,
1771381768803,358,0,
1771381768812,357,0,
1771381768816,357,0,
1771381768820,357,0,
1771381768824,358,0,
1771381768832,358,0,
1771381768836,358,0,
1771381768840,358,0,
1771381768844,357,0,
1771381768852,358,0,
1771381768857,357,0,
1771381768861,355,0,
1771381768865,357,0,
1771381768873,359,0,
1771381768877,358,0,
1771381768881,358,0,
1771381768889,358,0,
1771381768893,354,0,
1771381768898,356,0,
1771381768902,357,0,
1771381768910,356,0,
1771381768914,356,0,
1771381768918,357,0,
1771381768922,355,0,
1771381768930,355,0,
1771381768934,355,0,
1771381768938,357,0,
1771381768947,354,0,
1771381768951,354,0,
1771381768955,353,0,
1771381768959,352,0,
1771381768967,354,0,
1771381768971,355,0,
1771381768975,352,0,
1771381768980,352,0,
1771381768988,353,0,
1771381768992,352,0,
1771381768996,350,0,
1771381769000,350,0,
1771381769008,350,0,
1771381769012,350,0,
1771381769016,349,0,
1771381769025,347,0,
1771381769029,344,0,
1771381769033,347,0,
1771381769037,347,0,
1771381769045,343,0,
1771381769049,340,0,
1771381769053,335,0,
1771381769057,323,0,
1771381769065,317,0,
1771381769070,320,0,
1771381769074,324,0,
1771381769082,328,0,
1771381769086,331,0,
1771381769090,333,0,
1771381769094,335,0,
1771381769102,341,0,
1771381769106,343,0,
1771381769110,342,0,
1771381769115,346,0,
1771381769123,346,0,
1771381769127,345,0,
1771381769131,347,0,
1771381769139,348,0,
1771381769143,346,0,
1771381769147,346,0,
1771381769151,347,0,
1771381769160,346,0,
1771381769164,347,0,
1771381769168,347,0,
1771381769172,347,0,
1771381769180,346,0,
1771381769184,358,0,
1771381769188,363,0,
1771381769192,355,0,
1771381769201,324,0,
1771381769205,262,0,
1771381769209,154,0,
1771381769213,14,0,
1771381769217,0,0,
1771381769221,0,0,
1771381769225,0,0,
1771381769225,0,0,
1771381769229,61,0,
1771381769238,203,0,
1771381769242,341,0,
1771381769246,373,0,
1771381769250,363,0,
1771381769258,360,0,
1771381769262,366,0,
1771381769266,378,0,
1771381769274,381,0,
1771381769278,380,0,
1771381769282,383,0,
1771381769287,382,0,
1771381769295,380,0,
1771381769299,379,0,
1771381769303,379,0,
1771381769307,376,0,
1771381769315,375,0,
1771381769319,374,0,
1771381769324,372,0,
1771381769328,369,0,
1771381769336,367,0,
1771381769340,366,0,
1771381769344,362,0,
1771381769352,361,0,
1771381769356,356,0,
1771381769360,351,0,
1771381769364,350,0,
1771381769373,347,0,
1771381769377,340,0,
1771381769381,336,0,
1771381769385,332,0,
1771381769393,327,0,
1771381769397,322,0,
1771381769401,318,0,
1771381769409,312,0,
1771381769414,308,0,
1771381769418,304,0,
1771381769422,303,0,
1771381769430,300,0,
1771381769434,301,0,
1771381769438,298,0,
1771381769442,294,0,
1771381769450,297,0,
1771381769455,297,0,
1771381769459,295,0,
1771381769463,297,0,
1771381769471,300,0,
1771381769475,302,0,
1771381769479,305,0,
1771381769487,310,0,
1771381769491,316,0,
1771381769495,320,0,
1771381769500,326,0,
1771381769508,332,0,
1771381769512,336,0,
1771381769516,343,0,
1771381769520,346,0,
1771381769528,347,0,
1771381769532,350,0,
1771381769536,352,0,
1771381769545,352,0,
1771381769549,353,0,
1771381769553,355,0,
1771381769557,354,0,
1771381769565,353,0,
1771381769569,354,0,
1771381769573,354,0,
1771381769577,354,0,
1771381769586,354,0,
1771381769590,356,0,
1771381769594,354,0,
1771381769598,357,0,
1771381769606,355,0,
1771381769610,355,0,
1771381769614,356,0,
1771381769623,357,0,
1771381769627,354,0,
1771381769631,355,0,
1771381769635,357,0,
1771381769643,355,0,
1771381769647,355,0,
1771381769651,355,0,
1771381769655,354,0,
1771381769663,354,0,
1771381769668,356,0,
1771381769672,354,0,
1771381769680,352,0,
1771381769684,355,0,
1771381769688,354,0,
1771381769692,353,0,
1771381769700,354,0,
1771381769704,354,0,
1771381769708,353,0,
1771381769713,354,0,
1771381769721,355,0,
1771381769725,354,0,
1771381769729,352,0,
1771381769737,354,0,
1771381769741,352,0,
1771381769745,351,0,
1771381769750,353,0,
1771381769758,350,0,
1771381769762,348,0,
1771381769766,349,0,
1771381769770,348,0,
1771381769778,345,0,
1771381769782,346,0,
1771381769786,348,0,
1771381769790,344,0,
1771381769799,345,0,
1771381769803,342,0,
1771381769807,337,0,
1771381769815,326,0,
1771381769819,316,0,
1771381769823,315,0,
1771381769827,321,0,
1771381769835,327,0,
1771381769839,330,0,
1771381769844,328,0,
1771381769848,333,0,
1771381769856,336,0,
1771381769860,339,0,
1771381769864,343,0,
1771381769872,344,0,
1771381769876,343,0,
1771381769880,344,0,
1771381769885,345,0,
1771381769893,344,0,
1771381769897,344,0,
1771381769901,347,0,
1771381769905,347,0,
1771381769913,345,0,
1771381769917,348,0,
1771381769921,346,0,
1771381769926,343,0,
1771381769934,346,0,
1771381769938,352,0,
1771381769942,361,0,
1771381769950,363,0,
1771381769954,338,0,
1771381769958,285,0,
1771381769962,196,0,
1771381769966,63,0,
1771381769971,0,0,
1771381769975,0,0,
1771381769979,0,0,
1771381769979,0,0,
1771381769983,36,0,
1771381769991,166,0,
1771381769995,322,0,
1771381769999,378,0,
1771381770008,367,0,
1771381770012,356,0,
1771381770016,363,0,
1771381770020,372,0,
1771381770028,377,0,
1771381770032,379,0,
1771381770036,380,0,
1771381770040,379,0,
1771381770048,378,0,
1771381770052,378,0,
1771381770057,376,0,
1771381770061,374,0,
1771381770069,372,0,
1771381770073,370,0,
1771381770077,366,0,
1771381770085,367,0,
1771381770089,366,0,
1771381770093,360,0,
1771381770098,358,0,
1771381770106,357,0,
1771381770110,351,0,
1771381770114,348,0,
1771381770118,345,0,
1771381770126,341,0,
1771381770130,336,0,
1771381770134,332,0,
1771381770143,326,0,
1771381770147,321,0,
1771381770151,318,0,
1771381770155,313,0,
1771381770163,305,0,
1771381770167,304,0,
1771381770172,299,0,
1771381770175,293,0,
1771381770184,293,0,
1771381770188,290,0,
1771381770192,289,0,
1771381770196,288,0,
1771381770204,287,0,
1771381770208,286,0,
1771381770212,287,0,
1771381770220,289,0,
1771381770225,289,0,
1771381770229,292,0,
1771381770233,299,0,
1771381770241,302,0,
1771381770245,306,0,
1771381770249,314,0,
1771381770253,320,0,
1771381770261,326,0,
1771381770265,332,0,
1771381770270,336,0,
1771381770278,338,0,
1771381770282,342,0,
1771381770287,344,0,
1771381770291,345,0,
1771381770298,347,0,
1771381770302,349,0,
1771381770306,350,0,
1771381770311,351,0,
1771381770319,353,0,
1771381770323,351,0,
1771381770327,350,0,
1771381770335,354,0,
1771381770339,353,0,
1771381770343,349,0,
1771381770347,350,0,
1771381770356,352,0,
1771381770360,351,0,
1771381770364,352,0,
1771381770368,352,0,
1771381770376,352,0,
1771381770380,352,0,
1771381770384,353,0,
1771381770388,352,0,
1771381770397,350,0,
1771381770401,352,0,
1771381770405,351,0,
1771381770413,349,0,
1771381770417,352,0,
1771381770421,351,0,
1771381770425,350,0,
1771381770433,349,0,
1771381770437,349,0,
1771381770442,348,0,
1771381770446,348,0,
1771381770454,350,0,
1771381770458,349,0,
1771381770462,348,0,
1771381770470,347,0,
1771381770474,347,0,
1771381770478,345,0,
1771381770482,349,0,
1771381770491,348,0,
1771381770495,346,0,
1771381770499,347,0,
1771381770503,346,0,
1771381770511,346,0,
1771381770515,345,0,
1771381770519,344,0,
1771381770524,343,0,
1771381770532,343,0,
1771381770536,345,0,
1771381770540,343,0,
1771381770548,343,0,
1771381770552,339,0,
1771381770556,336,0,
1771381770560,329,0,
1771381770569,322,0,
1771381770573,315,0,
1771381770577,317,0,
1771381770581,323,0,
1771381770589,325,0,
1771381770593,326,0,
1771381770597,330,0,
1771381770605,334,0,
1771381770609,337,0,
1771381770614,340,0,
1771381770618,342,0,
1771381770626,341,0,
1771381770630,342,0,
1771381770634,342,0,
1771381770638,341,0,
1771381770646,340,0,
1771381770651,343,0,
1771381770655,341,0,
1771381770659,341,0,
1771381770667,341,0,
1771381770671,341,0,
1771381770675,341,0,
1771381770683,341,0,
1771381770687,344,0,
1771381770691,354,0,
1771381770696,363,0,
1771381770704,354,0,
1771381770708,313,0,
1771381770712,244,0,
1771381770716,141,0,
1771381770720,13,0,
1771381770724,0,0,
1771381770728,0,0,
1771381770732,0,0,
1771381770737,45,0,
1771381770741,166,0,
1771381770745,314,0,
1771381770753,376,0,
1771381770757,369,0,
1771381770761,353,0,
1771381770765,355,0,
1771381770773,363,0,
1771381770777,368,0,
1771381770781,372,0,
1771381770786,374,0,
1771381770794,372,0,
1771381770798,372,0,
1771381770802,371,0,
1771381770810,368,0,
1771381770814,369,0,
1771381770818,368,0,
1771381770822,365,0,
1771381770831,363,0,
1771381770835,362,0,
1771381770839,360,0,
1771381770843,357,0,
1771381770851,356,0,
1771381770855,352,0,
1771381770859,349,0,
1771381770868,347,0,
1771381770872,345,0,
1771381770876,340,0,
1771381770880,337,0,
1771381770888,332,0,
1771381770892,326,0,
1771381770896,322,0,
1771381770900,318,0,
1771381770908,313,0,
1771381770913,309,0,
1771381770917,305,0,
1771381770921,300,0,
1771381770929,297,0,
1771381770933,295,0,
1771381770937,294,0,
1771381770945,291,0,
1771381770949,289,0,
1771381770954,290,0,
1771381770958,289,0,
1771381770966,289,0,
1771381770970,289,0,
1771381770974,288,0,
1771381770978,292,0,
1771381770986,297,0,
1771381770990,302,0,
1771381770995,308,0,
1771381771003,314,0,
1771381771007,321,0,
1771381771011,327,0,
1771381771015,335,0,
1771381771023,340,0,
1771381771027,344,0,
1771381771031,349,0,
1771381771035,351,0,
1771381771044,353,0,
1771381771048,355,0,
1771381771052,354,0,
1771381771056,354,0,
1771381771064,357,0,
1771381771068,358,0,
1771381771072,356,0,
1771381771080,355,0,
1771381771085,356,0,
1771381771089,358,0,
1771381771093,358,0,
1771381771101,358,0,
1771381771105,358,0,
1771381771109,357,0,
1771381771113,356,0,
1771381771121,357,0,
1771381771126,357,0,
1771381771130,359,0,
1771381771138,359,0,
1771381771142,357,0,
1771381771146,358,0,
1771381771150,358,0,
1771381771158,357,0,
1771381771162,357,0,
1771381771166,358,0,
1771381771171,358,0,
1771381771179,357,0,
1771381771183,357,0,
1771381771187,358,0,
1771381771196,359,0,
1771381771200,357,0,
1771381771203,358,0,
1771381771207,356,0,
1771381771216,358,0,
1771381771220,358,0,
1771381771224,356,0,
1771381771228,355,0,
1771381771236,355,0,
1771381771240,355,0,
1771381771244,354,0,
1771381771248,356,0,
1771381771257,355,0,
1771381771261,354,0,
1771381771265,354,0,
1771381771273,353,0,
1771381771277,350,0,
1771381771281,350,0,
1771381771285,351,0,
1771381771293,351,0,
1771381771298,350,0,
1771381771302,346,0,
1771381771306,337,0,
1771381771314,327,0,
1771381771318,326,0,
1771381771322,329,0,
1771381771330,333,0,
1771381771334,337,0,
1771381771339,339,0,
1771381771343,341,0,
1771381771351,342,0,
1771381771355,347,0,
1771381771359,348,0,
1771381771363,351,0,
1771381771371,352,0,
1771381771375,350,0,
1771381771379,352,0,
1771381771384,352,0,
1771381771392,350,0,
1771381771396,351,0,
1771381771400,353,0,
1771381771408,353,0,
1771381771412,354,0,
1771381771416,355,0,
1771381771420,354,0,
1771381771429,351,0,
1771381771433,355,0,
1771381771437,367,0,
1771381771441,368,0,
1771381771449,351,0,
1771381771453,302,0,
1771381771457,223,0,
1771381771465,102,0,
1771381771466,0,0,
1771381771470,0,0,
1771381771474,0,0,
1771381771478,0,0,
1771381771482,40,0,
1771381771486,170,0,
1771381771490,322,0,
1771381771494,380,0,
1771381771502,373,0,
1771381771506,364,0,
1771381771511,368,0,
1771381771515,379,0,
1771381771523,385,0,
1771381771527,387,0,
1771381771531,387,0,
1771381771539,387,0,
1771381771543,385,0,
1771381771547,384,0,
1771381771552,385,0,
1771381771560,382,0,
1771381771564,379,0,
1771381771568,379,0,
1771381771572,377,0,
1771381771580,375,0,
1771381771584,373,0,
1771381771588,371,0,
1771381771597,367,0,
1771381771601,366,0,
1771381771605,363,0,
1771381771609,358,0,
1771381771617,354,0,
1771381771621,353,0,
1771381771625,349,0,
1771381771629,344,0,
1771381771638,341,0,
1771381771642,334,0,
1771381771646,328,0,
1771381771650,324,0,
1771381771658,320,0,
1771381771662,316,0,
1771381771666,313,0,
1771381771674,307,0,
1771381771678,303,0,
1771381771683,304,0,
1771381771687,304,0,
1771381771695,300,0,
1771381771700,299,0,
1771381771703,301,0,
1771381771707,300,0,
1771381771715,300,0,
1771381771719,303,0,
1771381771723,305,0,
1771381771732,308,0,
1771381771736,313,0,
1771381771740,317,0,
1771381771744,322,0,
1771381771752,328,0,
1771381771756,332,0,
1771381771760,336,0,
1771381771764,343,0,
1771381771773,349,0,
1771381771777,348,0,
1771381771781,350,0,
1771381771785,354,0,
1771381771793,352,0,
1771381771797,353,0,
1771381771801,354,0,
1771381771810,354,0,
1771381771814,355,0,
1771381771818,357,0,
1771381771822,356,0,
1771381771830,356,0,
1771381771834,358,0,
1771381771838,357,0,
1771381771842,356,0,
1771381771851,357,0,
1771381771855,359,0,
1771381771859,355,0,
1771381771867,355,0,
1771381771871,357,0,
1771381771875,356,0,
1771381771879,356,0,
1771381771887,357,0,
1771381771891,355,0,
1771381771896,355,0,
1771381771900,356,0,
1771381771908,356,0,
1771381771912,354,0,
1771381771916,357,0,
1771381771920,356,0,
1771381771928,353,0,
1771381771932,354,0,
1771381771936,356,0,
1771381771945,354,0,
1771381771949,353,0,
1771381771953,356,0,
1771381771957,354,0,
1771381771965,353,0,
1771381771969,354,0,
1771381771973,354,0,
1771381771977,353,0,
1771381771986,353,0,
1771381771990,352,0,
1771381771994,351,0,
1771381772002,352,0,
1771381772006,351,0,
1771381772010,350,0,
1771381772014,350,0,
1771381772022,351,0,
1771381772027,347,0,
1771381772031,345,0,
1771381772035,347,0,
1771381772043,345,0,
1771381772047,345,0,
1771381772051,345,0,
1771381772059,338,0,
1771381772063,330,0,
1771381772068,321,0,
1771381772072,318,0,
1771381772080,322,0,
1771381772084,327,0,
1771381772088,329,0,
1771381772092,331,0,
1771381772100,334,0,
1771381772104,339,0,
1771381772108,342,0,
1771381772113,343,0,
1771381772121,347,0,
1771381772125,347,0,
1771381772129,345,0,
1771381772137,347,0,
1771381772141,345,0,
1771381772145,345,0,
1771381772149,347,0,
1771381772158,347,0,
1771381772162,346,0,
1771381772166,349,0,
1771381772170,348,0,
1771381772178,347,0,
1771381772182,346,0,
1771381772186,353,0,
1771381772195,361,0,
1771381772199,362,0,
1771381772203,343,0,
1771381772207,293,0,
1771381772215,209,0,
1771381772219,80,0,
1771381772219,0,0,
1771381772223,0,0,
1771381772227,0,0,
1771381772231,0,0,
1771381772231,7,0,
1771381772235,85,0,
1771381772244,230,0,
1771381772248,352,0,
1771381772252,374,0,
1771381772260,363,0,
1771381772264,362,0,
1771381772268,370,0,
1771381772272,378,0,
1771381772280,380,0,
1771381772285,381,0,
1771381772289,382,0,
1771381772293,380,0,
1771381772301,381,0,
1771381772305,382,0,
1771381772309,380,0,
1771381772313,378,0,
1771381772321,377,0,
1771381772326,373,0,
1771381772330,372,0,
1771381772338,371,0,
1771381772342,370,0,
1771381772346,365,0,
1771381772350,362,0,
1771381772358,361,0,
1771381772362,357,0,
1771381772366,353,0,
1771381772371,350,0,
1771381772379,344,0,
1771381772383,341,0,
1771381772387,336,0,
1771381772395,330,0,
1771381772400,325,0,
1771381772404,321,0,
1771381772407,315,0,
1771381772416,312,0,
1771381772420,310,0,
1771381772424,307,0,
1771381772428,301,0,
1771381772436,299,0,
1771381772440,298,0,
1771381772444,296,0,
1771381772448,296,0,
1771381772457,296,0,
1771381772461,294,0,
1771381772466,296,0,
1771381772473,298,0,
1771381772477,297,0,
1771381772481,299,0,
1771381772485,307,0,
1771381772493,312,0,
1771381772498,316,0,
1771381772502,323,0,
1771381772506,328,0,
1771381772514,332,0,
1771381772518,336,0,
1771381772522,341,0,
1771381772530,344,0,
1771381772534,347,0,
1771381772539,349,0,
1771381772543,348,0,
1771381772551,351,0,
1771381772555,355,0,
1771381772559,354,0,
1771381772563,355,0,
1771381772572,355,0,
1771381772576,354,0,
1771381772580,355,0,
1771381772588,356,0,
1771381772592,356,0,
1771381772596,354,0,
1771381772600,354,0,
1771381772608,355,0,
1771381772612,354,0,
1771381772616,354,0,
1771381772620,355,0,
1771381772629,354,0,
1771381772633,354,0,
1771381772637,355,0,
1771381772641,356,0,
1771381772649,356,0,
1771381772653,355,0,
1771381772657,353,0,
1771381772665,353,0,
1771381772670,353,0,
1771381772674,355,0,
1771381772678,354,0,
1771381772687,354,0,
1771381772690,355,0,
1771381772694,352,0,
1771381772699,353,0,
1771381772706,353,0,
1771381772711,352,0,
1771381772715,351,0,
1771381772723,353,0,
1771381772727,352,0,
1771381772731,353,0,
1771381772735,352,0,
1771381772743,351,0,
1771381772748,349,0,
1771381772752,349,0,
1771381772756,351,0,
1771381772764,350,0,
1771381772768,349,0,
1771381772773,350,0,
1771381772776,348,0,
1771381772784,348,0,
1771381772788,349,0,
1771381772793,347,0,
1771381772801,348,0,
1771381772805,346,0,
1771381772809,345,0,
1771381772813,345,0,
1771381772822,346,0,
1771381772825,347,0,
1771381772830,341,0,
1771381772833,335,0,
1771381772842,326,0,
1771381772846,315,0,
1771381772850,316,0,
1771381772858,321,0,
1771381772862,326,0,
1771381772866,330,0,
1771381772870,332,0,
1771381772878,333,0,
1771381772883,337,0,
1771381772887,341,0,
1771381772891,342,0,
1771381772899,344,0,
1771381772903,346,0,
1771381772907,345,0,
1771381772911,344,0,
1771381772919,343,0,
1771381772924,345,0,
1771381772928,345,0,
1771381772936,345,0,
1771381772940,346,0,
1771381772944,344,0,
1771381772948,346,0,
1771381772956,347,0,
1771381772960,346,0,
1771381772964,353,0,
1771381772969,364,0,
1771381772977,363,0,
1771381772981,339,0,
1771381772985,286,0,
1771381772993,195,0,
1771381772997,58,0,
1771381772997,0,0,
1771381773001,0,0,
1771381773005,0,0,
1771381773009,0,0,
1771381773014,27,0,
1771381773018,160,0,
1771381773022,320,0,
1771381773026,374,0,
1771381773034,366,0,
1771381773038,359,0,
1771381773042,365,0,
1771381773046,375,0,
1771381773055,381,0,
1771381773059,383,0,
1771381773063,382,0,
1771381773071,383,0,
1771381773075,383,0,
1771381773079,379,0,
1771381773083,377,0,
1771381773091,378,0,
1771381773096,374,0,
1771381773100,374,0,
1771381773104,373,0,
1771381773112,369,0,
1771381773116,367,0,
1771381773120,365,0,
1771381773128,361,0,
1771381773132,358,0,
1771381773136,355,0,
1771381773141,352,0,
1771381773149,349,0,
1771381773153,346,0,
1771381773157,341,0,
1771381773161,336,0,
1771381773169,332,0,
1771381773174,328,0,
1771381773177,322,0,
1771381773186,317,0,
1771381773190,312,0,
1771381773194,307,0,
1771381773198,304,0,
1771381773206,302,0,
1771381773210,297,0,
1771381773214,295,0,
1771381773218,296,0,
1771381773227,292,0,
1771381773231,291,0,
1771381773235,291,0,
1771381773239,292,0,
1771381773247,293,0,
1771381773251,294,0,
1771381773255,296,0,
1771381773263,298,0,
1771381773268,303,0,
1771381773272,308,0,
1771381773276,313,0,
1771381773284,320,0,
1771381773288,326,0,
1771381773292,329,0,
1771381773296,334,0,
1771381773304,340,0,
1771381773309,344,0,
1771381773313,346,0,
1771381773321,348,0,
1771381773325,351,0,
1771381773330,351,0,
1771381773333,349,0,
1771381773341,350,0,
1771381773345,350,0,
1771381773349,352,0,
1771381773354,353,0,
1771381773362,352,0,
1771381773366,352,0,
1771381773370,354,0,
1771381773374,353,0,
1771381773382,355,0,
1771381773386,354,0,
1771381773391,353,0,
1771381773399,351,0,
1771381773403,351,0,
1771381773407,353,0,
1771381773411,353,0,
1771381773419,353,0,
1771381773423,353,0,
1771381773427,353,0,
1771381773432,353,0,
1771381773440,353,0,
1771381773444,351,0,
1771381773448,351,0,
1771381773456,353,0,
1771381773460,351,0,
1771381773464,351,0,
1771381773468,353,0,
1771381773476,353,0,
1771381773481,350,0,
1771381773485,349,0,
1771381773489,350,0,
1771381773497,349,0,
1771381773501,347,0,
1771381773505,348,0,
1771381773509,347,0,
1771381773517,348,0,
1771381773522,347,0,
1771381773526,345,0,
1771381773534,345,0,
1771381773538,346,0,
1771381773542,343,0,
1771381773546,343,0,
1771381773554,344,0,
1771381773558,343,0,
1771381773562,342,0,
1771381773567,342,0,
1771381773575,343,0,
1771381773579,339,0,
1771381773583,339,0,
1771381773591,339,0,
1771381773595,338,0,
1771381773599,336,0,
1771381773603,331,0,
1771381773612,324,0,
1771381773616,315,0,
1771381773620,311,0,
1771381773624,313,0,
1771381773632,319,0,
1771381773636,323,0,
1771381773640,325,0,
1771381773644,324,0,
1771381773653,327,0,
1771381773657,332,0,
1771381773661,335,0,
1771381773669,338,0,
1771381773673,339,0,
1771381773677,338,0,
1771381773681,338,0,
1771381773689,339,0,
1771381773694,338,0,
1771381773698,337,0,
1771381773702,337,0,
1771381773710,336,0,
1771381773714,337,0,
1771381773718,338,0,
1771381773726,340,0,
1771381773730,338,0,
1771381773734,340,0,
1771381773739,351,0,
1771381773747,359,0,
1771381773751,352,0,
1771381773755,316,0,
1771381773759,247,0,
1771381773767,142,0,
1771381773771,13,0,
1771381773771,0,0,
1771381773775,0,0,
1771381773779,0,0,
1771381773784,31,0,
1771381773788,152,0,
1771381773796,307,0,
1771381773800,373,0,
1771381773804,371,0,
1771381773808,353,0,
1771381773816,353,0,
1771381773820,363,0,
1771381773825,367,0,
1771381773829,369,0,
1771381773837,372,0,
1771381773841,372,0,
1771381773845,372,0,
1771381773853,371,0,
1771381773857,369,0,
1771381773861,366,0,
1771381773866,367,0,
1771381773874,365,0,
1771381773878,363,0,
1771381773882,360,0,
1771381773886,362,0,
1771381773894,358,0,
1771381773898,354,0,
1771381773902,354,0,
1771381773906,350,0,
1771381773915,346,0,
1771381773919,343,0,
1771381773923,339,0,
1771381773931,336,0,
1771381773935,332,0,
1771381773939,327,0,
1771381773943,322,0,
1771381773952,320,0,
1771381773956,315,0,
1771381773960,308,0,
1771381773964,302,0,
1771381773972,299,0,
1771381773976,295,0,
1771381773980,292,0,
1771381773988,293,0,
1771381773992,290,0,
1771381773997,289,0,
1771381774001,290,0,
1771381774009,287,0,
1771381774013,285,0,
1771381774017,288,0,
1771381774021,289,0,
1771381774029,289,0,
1771381774033,294,0,
1771381774038,299,0,
1771381774042,302,0,
1771381774050,308,0,
1771381774054,317,0,
1771381774058,322,0,
1771381774066,328,0,
1771381774070,335,0,
1771381774074,339,0,
1771381774079,343,0,
1771381774087,348,0,
1771381774091,349,0,
1771381774095,349,0,
1771381774099,350,0,
1771381774107,350,0,
1771381774111,352,0,
1771381774115,353,0,
1771381774124,355,0,
1771381774128,351,0,
1771381774132,353,0,
1771381774136,355,0,
1771381774144,352,0,
1771381774148,353,0,
1771381774152,354,0,
1771381774156,353,0,
1771381774165,352,0,
1771381774169,355,0,
1771381774173,353,0,
1771381774181,354,0,
1771381774185,356,0,
1771381774189,355,0,
1771381774193,353,0,
1771381774201,355,0,
1771381774206,357,0,
1771381774210,354,0,
1771381774214,353,0,
1771381774222,356,0,
1771381774226,354,0,
1771381774230,354,0,
1771381774234,357,0,
1771381774242,356,0,
1771381774247,357,0,
1771381774251,357,0,
1771381774259,355,0,
1771381774263,352,0,
1771381774267,354,0,
1771381774271,355,0,
1771381774280,354,0,
1771381774284,353,0,
1771381774287,354,0,
1771381774291,352,0,
1771381774300,352,0,
1771381774304,354,0,
1771381774308,352,0,
1771381774316,353,0,
1771381774320,354,0,
1771381774324,351,0,
1771381774328,350,0,
1771381774337,351,0,
1771381774341,350,0,
1771381774345,352,0,
1771381774349,349,0,
1771381774357,343,0,
1771381774361,337,0,
1771381774365,327,0,
1771381774369,327,0,
1771381774378,329,0,
1771381774382,333,0,
1771381774386,337,0,
1771381774394,337,0,
1771381774398,339,0,
1771381774402,344,0,
1771381774406,347,0,
1771381774415,348,0,
1771381774419,350,0,
1771381774423,350,0,
1771381774427,350,0,
1771381774435,351,0,
1771381774439,351,0,
1771381774443,349,0,
1771381774451,351,0,
1771381774455,353,0,
1771381774460,352,0,
1771381774463,352,0,
1771381774472,354,0,
1771381774476,353,0,
1771381774480,351,0,
1771381774484,356,0,
1771381774492,365,0,
1771381774496,368,0,
1771381774500,351,0,
1771381774504,303,0,
1771381774513,228,0,
1771381774517,111,0,
1771381774521,0,0,
1771381774525,0,0,
1771381774525,0,0,
1771381774529,0,0,
1771381774533,49,0,
1771381774537,175,0,
1771381774545,324,0,
1771381774549,381,0,
1771381774554,373,0,
1771381774558,364,0,
1771381774566,369,0,
1771381774570,377,0,
1771381774575,382,0,
1771381774582,384,0,
1771381774586,387,0,
1771381774590,385,0,
1771381774594,384,0,
1771381774603,384,0,
1771381774607,383,0,
1771381774611,383,0,
1771381774616,381,0,
1771381774623,378,0,
1771381774627,377,0,
1771381774631,375,0,
1771381774635,373,0,
1771381774644,371,0,
1771381774648,370,0,
1771381774652,368,0,
1771381774660,364,0,
1771381774664,360,0,
1771381774668,358,0,
1771381774672,353,0,
1771381774681,347,0,
1771381774685,345,0,
1771381774689,338,0,
1771381774693,336,0,
1771381774701,333,0,
1771381774705,327,0,
1771381774710,322,0,
1771381774718,317,0,
1771381774721,313,0,
1771381774726,309,0,
1771381774730,307,0,
1771381774738,306,0,
1771381774742,303,0,
1771381774746,302,0,
1771381774750,303,0,
1771381774758,302,0,
1771381774763,302,0,
1771381774767,303,0,
1771381774771,302,0,
1771381774779,306,0,
1771381774784,309,0,
1771381774788,313,0,
1771381774795,316,0,
1771381774799,322,0,
1771381774804,328,0,
1771381774808,332,0,
1771381774816,337,0,
1771381774820,343,0,
1771381774824,346,0,
1771381774828,349,0,
1771381774836,352,0,
1771381774840,353,0,
1771381774844,354,0,
1771381774853,356,0,
1771381774857,355,0,
1771381774861,357,0,
1771381774865,356,0,
1771381774873,356,0,
1771381774877,357,0,
1771381774881,357,0,
1771381774885,358,0,
1771381774894,358,0,
1771381774898,358,0,
1771381774902,358,0,
1771381774910,358,0,
1771381774914,357,0,
1771381774918,357,0,
1771381774922,357,0,
1771381774930,358,0,
1771381774934,358,0,
1771381774939,356,0,
1771381774943,356,0,
1771381774951,358,0,
1771381774955,358,0,
1771381774959,356,0,
1771381774963,357,0,
1771381774971,357,0,
1771381774975,355,0,
1771381774980,355,0,
1771381774988,356,0,
1771381774992,355,0,
1771381774996,355,0,
1771381775000,355,0,
1771381775008,355,0,
1771381775012,355,0,
1771381775016,354,0,
1771381775020,352,0,
1771381775029,351,0,
1771381775033,352,0,
1771381775038,351,0,
1771381775045,351,0,
1771381775050,351,0,
1771381775053,351,0,
1771381775057,350,0,
1771381775066,349,0,
1771381775070,348,0,
1771381775074,346,0,
1771381775078,346,0,
1771381775086,347,0,
1771381775091,345,0,
1771381775094,343,0,
1771381775099,339,0,
1771381775107,330,0,
1771381775111,320,0,
1771381775115,319,0,
1771381775123,323,0,
1771381775127,327,0,
1771381775131,330,0,
1771381775136,334,0,
1771381775144,335,0,
1771381775148,337,0,
1771381775152,343,0,
1771381775156,345,0,
1771381775165,345,0,
1771381775168,347,0,
1771381775172,347,0,
1771381775180,349,0,
1771381775185,349,0,
1771381775189,347,0,
1771381775193,347,0,
1771381775201,348,0,
1771381775205,350,0,
1771381775209,349,0,
1771381775213,350,0,
1771381775221,349,0,
1771381775225,348,0,
1771381775229,352,0,
1771381775233,363,0,
1771381775242,366,0,
1771381775246,346,0,
1771381775250,299,0,
1771381775258,213,0,
1771381775262,79,0,
1771381775262,0,0,
1771381775267,0,0,
1771381775270,0,0,
1771381775274,0,0,
1771381775274,0,0,
1771381775279,69,0,
1771381775287,217,0,
1771381775291,348,0,
1771381775295,373,0,
1771381775299,363,0,
1771381775307,362,0,
1771381775311,371,0,
1771381775316,379,0,
1771381775324,383,0,
1771381775328,384,0,
1771381775332,386,0,
1771381775336,385,0,
1771381775344,380,0,
1771381775349,382,0,
1771381775352,381,0,
1771381775356,377,0,
1771381775365,376,0,
1771381775369,374,0,
1771381775373,372,0,
1771381775381,370,0,
1771381775385,369,0,
1771381775389,365,0,
1771381775394,362,0,
1771381775401,360,0,
1771381775405,356,0,
1771381775410,353,0,
1771381775414,352,0,
1771381775422,348,0,
1771381775426,340,0,
1771381775430,337,0,
1771381775434,333,0,
1771381775443,327,0,
1771381775446,323,0,
1771381775451,319,0,
1771381775459,313,0,
1771381775463,308,0,
1771381775467,305,0,
1771381775471,301,0,
1771381775479,299,0,
1771381775483,296,0,
1771381775487,296,0,
1771381775491,295,0,
1771381775500,297,0,
1771381775504,295,0,
1771381775508,293,0,
1771381775516,296,0,
1771381775520,298,0,
1771381775524,302,0,
1771381775528,307,0,
1771381775537,313,0,
1771381775541,317,0,
1771381775545,321,0,
1771381775549,327,0,
1771381775557,333,0,
1771381775561,337,0,
1771381775565,342,0,
1771381775574,345,0,
1771381775577,347,0,
1771381775582,352,0,
1771381775586,355,0,
1771381775594,352,0,
1771381775598,354,0,
1771381775602,355,0,
1771381775606,355,0,
1771381775614,356,0,
1771381775618,356,0,
1771381775623,355,0,
1771381775627,355,0,
1771381775636,357,0,
1771381775639,356,0,
1771381775643,356,0,
1771381775651,356,0,
1771381775655,358,0,
1771381775659,356,0,
1771381775664,359,0,
1771381775672,358,0,
1771381775676,355,0,
1771381775680,357,0,
1771381775684,356,0,
1771381775692,355,0,
1771381775697,356,0,
1771381775701,357,0,
1771381775709,356,0,
1771381775713,355,0,
1771381775717,357,0,
1771381775721,356,0,
1771381775729,356,0,
1771381775733,359,0,
1771381775737,357,0,
1771381775741,354,0,
1771381775750,357,0,
1771381775754,356,0,
1771381775758,353,0,
1771381775762,355,0,
1771381775770,354,0,
1771381775774,353,0,
1771381775778,354,0,
1771381775786,354,0,
1771381775791,353,0,
1771381775795,353,0,
1771381775799,354,0,
1771381775807,352,0,
1771381775811,350,0,
1771381775815,351,0,
1771381775819,349,0,
1771381775827,347,0,
1771381775831,349,0,
1771381775835,346,0,
1771381775844,339,0,
1771381775848,332,0,
1771381775852,320,0,
1771381775856,318,0,
1771381775864,322,0,
1771381775868,328,0,
1771381775872,331,0,
1771381775876,333,0,
1771381775885,336,0,
1771381775889,340,0,
1771381775893,342,0,
1771381775897,347,0,
1771381775905,347,0,
1771381775909,347,0,
1771381775913,348,0,
1771381775922,347,0,
1771381775926,346,0,
1771381775930,347,0,
1771381775934,348,0,
1771381775942,348,0,
1771381775946,348,0,
1771381775950,349,0,
1771381775954,348,0,
1771381775962,347,0,
1771381775967,348,0,
1771381775971,353,0,
1771381775979,364,0,
1771381775983,370,0,
1771381775987,349,0,
1771381775991,297,0,
1771381775999,216,0,
1771381776003,88,0,
1771381776004,0,0,
1771381776008,0,0,
1771381776012,0,0,
1771381776016,0,0,
1771381776020,23,0,
1771381776024,146,0,
1771381776028,307,0,
1771381776032,375,0,
1771381776040,368,0,
1771381776044,357,0,
1771381776049,364,0,
1771381776057,371,0,
1771381776061,375,0,
1771381776066,380,0,
1771381776069,380,0,
1771381776077,377,0,
1771381776081,378,0,
1771381776085,377,0,
1771381776089,373,0,
1771381776098,373,0,
1771381776102,372,0,
1771381776106,369,0,
1771381776114,366,0,
1771381776118,365,0,
1771381776122,362,0,
1771381776126,360,0,
1771381776134,357,0,
1771381776139,355,0,
1771381776143,350,0,
1771381776147,349,0,
1771381776155,345,0,
1771381776159,339,0,
1771381776163,336,0,
1771381776171,333,0,
1771381776175,326,0,
1771381776180,321,0,
1771381776184,317,0,
1771381776192,310,0,
1771381776196,304,0,
1771381776200,301,0,
1771381776204,299,0,
1771381776212,294,0,
1771381776216,290,0,
1771381776221,289,0,
1771381776225,285,0,
1771381776233,287,0,
1771381776237,285,0,
1771381776241,283,0,
1771381776249,286,0,
1771381776253,286,0,
1771381776258,287,0,
1771381776262,289,0,
1771381776270,294,0,
1771381776274,298,0,
1771381776278,303,0,
1771381776282,311,0,
1771381776290,315,0,
1771381776294,320,0,
1771381776299,328,0,
1771381776307,333,0,
1771381776311,335,0,
1771381776315,341,0,
1771381776319,343,0,
1771381776327,343,0,
1771381776331,345,0,
1771381776335,347,0,
1771381776340,347,0,
1771381776347,349,0,
1771381776352,350,0,
1771381776356,349,0,
1771381776360,348,0,
1771381776368,349,0,
1771381776372,349,0,
1771381776376,349,0,
1771381776384,352,0,
1771381776388,350,0,
1771381776392,349,0,
1771381776397,352,0,
1771381776405,352,0,
1771381776409,350,0,
1771381776413,351,0,
1771381776417,352,0,
1771381776425,351,0,
1771381776429,351,0,
1771381776433,352,0,
1771381776442,351,0,
1771381776446,352,0,
1771381776450,352,0,
1771381776454,350,0,
1771381776462,348,0,
1771381776466,351,0,
1771381776470,349,0,
1771381776474,346,0,
1771381776483,349,0,
1771381776487,349,0,
1771381776491,347,0,
1771381776495,348,0,
1771381776503,349,0,
1771381776507,348,0,
1771381776511,347,0,
1771381776519,346,0,
1771381776524,344,0,
1771381776528,345,0,
1771381776532,346,0,
1771381776540,345,0,
1771381776544,343,0,
1771381776548,344,0,
1771381776552,342,0,
1771381776560,340,0,
1771381776564,343,0,
1771381776569,342,0,
1771381776577,337,0,
1771381776581,331,0,
1771381776585,321,0,
1771381776589,313,0,
1771381776597,317,0,
1771381776601,323,0,
1771381776605,325,0,
1771381776610,326,0,
1771381776618,329,0,
1771381776622,332,0,
1771381776626,334,0,
1771381776634,340,0,
1771381776638,341,0,
1771381776642,339,0,
1771381776646,342,0,
1771381776655,343,0,
1771381776659,341,0,
1771381776663,340,0,
1771381776667,340,0,
1771381776675,341,0,
1771381776679,342,0,
1771381776683,344,0,
1771381776687,342,0,
1771381776696,342,0,
1771381776700,341,0,
1771381776704,342,0,
1771381776712,351,0,
1771381776716,363,0,
1771381776720,355,0,
1771381776724,318,0,
1771381776732,257,0,
1771381776737,158,0,
1771381776741,28,0,
1771381776745,0,0,
1771381776745,0,0,
1771381776749,0,0,
1771381776753,24,0,
1771381776757,139,0,
1771381776765,296,0,
1771381776769,374,0,
1771381776773,373,0,
1771381776782,358,0,
1771381776786,358,0,
1771381776790,365,0,
1771381776794,372,0,
1771381776802,374,0,
1771381776806,373,0,
1771381776810,374,0,
1771381776814,374,0,
1771381776823,374,0,
1771381776827,372,0,
1771381776831,373,0,
1771381776839,371,0,
1771381776843,368,0,
1771381776847,367,0,
1771381776851,367,0,
1771381776859,364,0,
1771381776864,362,0,
1771381776868,360,0,
1771381776872,358,0,
1771381776880,355,0,
1771381776884,350,0,
1771381776888,345,0,
1771381776892,342,0,
1771381776900,339,0,
1771381776904,335,0,
1771381776909,330,0,
1771381776917,327,0,
1771381776921,324,0,
1771381776925,317,0,
1771381776929,312,0,
1771381776937,309,0,
1771381776941,304,0,
1771381776945,300,0,
1771381776950,300,0,
1771381776958,297,0,
1771381776962,296,0,
1771381776966,294,0,
1771381776974,291,0,
1771381776978,290,0,
1771381776982,291,0,
1771381776986,289,0,
1771381776995,290,0,
1771381776999,292,0,
1771381777003,297,0,
1771381777007,301,0,
1771381777015,307,0,
1771381777019,313,0,
1771381777023,319,0,
1771381777031,326,0,
1771381777036,335,0,
1771381777040,338,0,
1771381777044,345,0,
1771381777052,350,0,
1771381777056,351,0,
1771381777060,353,0,
1771381777064,356,0,
1771381777072,356,0,
1771381777076,355,0,
1771381777081,357,0,
1771381777085,358,0,
1771381777093,359,0,
1771381777097,359,0,
1771381777101,360,0,
1771381777109,358,0,
1771381777113,359,0,
1771381777117,359,0,
1771381777122,358,0,
1771381777130,359,0,
1771381777134,359,0,
1771381777138,356,0,
1771381777142,357,0,
1771381777150,358,0,
1771381777154,359,0,
1771381777158,359,0,
1771381777167,360,0,
1771381777171,360,0,
1771381777175,358,0,
1771381777179,359,0,
1771381777187,360,0,
1771381777191,359,0,
1771381777195,361,0,
1771381777199,360,0,
1771381777208,359,0,
1771381777212,360,0,
1771381777216,360,0,
1771381777220,359,0,
1771381777228,358,0,
1771381777232,358,0,
1771381777236,358,0,
1771381777244,357,0,
1771381777249,358,0,
1771381777253,359,0,
1771381777257,358,0,
1771381777265,357,0,
1771381777269,355,0,
1771381777273,353,0,
1771381777277,355,0,
1771381777285,355,0,
1771381777289,353,0,
1771381777294,350,0,
1771381777302,345,0,
1771381777306,336,0,
1771381777310,327,0,
1771381777314,328,0,
1771381777322,332,0,
1771381777326,336,0,
1771381777330,340,0,
1771381777335,342,0,
1771381777343,343,0,
1771381777347,347,0,
1771381777351,351,0,
1771381777355,352,0,
1771381777363,356,0,
1771381777367,356,0,
1771381777371,355,0,
1771381777380,354,0,
1771381777384,354,0,
1771381777388,353,0,
1771381777392,353,0,
1771381777400,355,0,
1771381777404,355,0,
1771381777408,355,0,
1771381777412,356,0,
1771381777421,356,0,
1771381777425,354,0,
1771381777429,359,0,
1771381777437,369,0,
1771381777441,368,0,
1771381777445,346,0,
1771381777449,295,0,
1771381777457,209,0,
1771381777461,78,0,
1771381777461,0,0,
1771381777466,0,0,
1771381777470,0,0,
1771381777474,0,0,
1771381777478,30,0,
1771381777482,158,0,
1771381777486,317,0,
1771381777490,378,0,
1771381777498,372,0,
1771381777502,367,0,
1771381777506,372,0,
1771381777515,380,0,
1771381777519,387,0,
1771381777523,387,0,
1771381777527,390,0,
1771381777535,389,0,
1771381777539,387,0,
1771381777543,387,0,
1771381777548,387,0,
1771381777556,385,0,
1771381777560,383,0,
1771381777564,381,0,
1771381777572,381,0,
1771381777576,377,0,
1771381777580,375,0,
1771381777584,373,0,
1771381777593,370,0,
1771381777597,366,0,
1771381777601,365,0,
1771381777605,361,0,
1771381777613,359,0,
1771381777617,355,0,
1771381777621,349,0,
1771381777629,345,0,
1771381777634,341,0,
1771381777638,336,0,
1771381777642,331,0,
1771381777650,327,0,
1771381777654,323,0,
1771381777658,318,0,
1771381777662,314,0,
1771381777670,311,0,
1771381777674,308,0,
1771381777679,306,0,
1771381777683,304,0,
1771381777691,303,0,
1771381777695,304,0,
1771381777699,303,0,
1771381777708,301,0,
1771381777711,301,0,
1771381777715,302,0,
1771381777720,304,0,
1771381777728,307,0,
1771381777732,312,0,
1771381777736,317,0,
1771381777740,322,0,
1771381777748,327,0,
1771381777752,331,0,
1771381777756,336,0,
1771381777765,342,0,
1771381777769,345,0,
1771381777773,347,0,
1771381777777,351,0,
1771381777785,351,0,
1771381777789,352,0,
1771381777793,353,0,
1771381777797,354,0,
1771381777806,355,0,
1771381777810,355,0,
1771381777814,356,0,
1771381777818,358,0,
1771381777826,356,0,
1771381777830,356,0,
1771381777834,357,0,
1771381777842,356,0,
1771381777847,357,0,
1771381777851,357,0,
1771381777855,354,0,
1771381777863,357,0,
1771381777867,357,0,
1771381777871,355,0,
1771381777875,355,0,
1771381777883,355,0,
1771381777887,355,0,
1771381777892,355,0,
1771381777900,356,0,
1771381777904,355,0,
1771381777908,354,0,
1771381777912,354,0,
1771381777920,354,0,
1771381777924,354,0,
1771381777928,356,0,
1771381777933,354,0,
1771381777941,352,0,
1771381777945,353,0,
1771381777949,354,0,
1771381777953,353,0,
1771381777961,351,0,
1771381777965,351,0,
1771381777969,351,0,
1771381777977,350,0,
1771381777982,350,0,
1771381777986,351,0,
1771381777990,349,0,
1771381777998,350,0,
1771381778002,350,0,
1771381778006,347,0,
1771381778010,347,0,
1771381778018,347,0,
1771381778023,345,0,
1771381778027,344,0,
1771381778035,340,0,
1771381778039,331,0,
1771381778043,320,0,
1771381778047,317,0,
1771381778055,320,0,
1771381778059,324,0,
1771381778063,328,0,
1771381778068,330,0,
1771381778076,332,0,
1771381778080,334,0,
1771381778084,341,0,
1771381778088,343,0,
1771381778096,346,0,
1771381778100,346,0,
1771381778105,343,0,
1771381778113,345,0,
1771381778117,346,0,
1771381778121,345,0,
1771381778125,345,0,
1771381778133,345,0,
1771381778138,346,0,
1771381778142,345,0,
1771381778145,346,0,
1771381778154,346,0,
1771381778158,346,0,
1771381778162,347,0,
1771381778170,357,0,
1771381778174,363,0,
1771381778178,355,0,
1771381778182,318,0,
1771381778190,252,0,
1771381778195,141,0,
1771381778199,0,0,
1771381778199,0,0,
1771381778204,0,0,
1771381778207,0,0,
1771381778211,0,0,
1771381778215,45,0,
1771381778219,186,0,
1771381778223,332,0,
1771381778232,371,0,
1771381778236,361,0,
1771381778240,358,0,
1771381778244,366,0,
1771381778252,376,0,
1771381778256,381,0,
1771381778260,379,0,
1771381778264,380,0,
1771381778272,381,0,
1771381778277,378,0,
1771381778281,379,0,
1771381778285,378,0,
1771381778293,376,0,
1771381778297,374,0,
1771381778301,373,0,
1771381778309,369,0,
1771381778314,367,0,
1771381778318,367,0,
1771381778322,364,0,
1771381778330,361,0,
1771381778334,359,0,
1771381778338,358,0,
1771381778342,352,0,
1771381778350,349,0,
1771381778354,345,0,
1771381778358,339,0,
1771381778367,336,0,
1771381778371,332,0,
1771381778375,327,0,
1771381778379,322,0,
1771381778387,317,0,
1771381778391,311,0,
1771381778395,309,0,
1771381778399,308,0,
1771381778408,302,0,
1771381778412,298,0,
1771381778416,297,0,
1771381778424,297,0,
1771381778428,295,0,
1771381778432,294,0,
1771381778436,295,0,
1771381778444,293,0,
1771381778449,294,0,
1771381778453,296,0,
1771381778457,298,0,
1771381778465,302,0,
1771381778469,307,0,
1771381778473,313,0,
1771381778477,317,0,
1771381778485,322,0,
1771381778490,327,0,
1771381778494,333,0,
1771381778502,338,0,
1771381778506,344,0,
1771381778510,345,0,
1771381778514,348,0,
1771381778522,350,0,
1771381778526,349,0,
1771381778530,350,0,
1771381778535,353,0,
1771381778543,352,0,
1771381778547,353,0,
1771381778551,354,0,
1771381778559,353,0,
1771381778563,352,0,
1771381778567,355,0,
1771381778571,357,0,
1771381778580,354,0,
1771381778584,355,0,
1771381778588,356,0,
1771381778592,354,0,
1771381778600,354,0,
1771381778604,356,0,
1771381778608,355,0,
1771381778613,355,0,
1771381778621,356,0,
1771381778625,355,0,
1771381778629,355,0,
1771381778637,356,0,
1771381778641,353,0,
1771381778645,353,0,
1771381778649,355,0,
1771381778657,356,0,
1771381778661,353,0,
1771381778666,352,0,
1771381778670,355,0,
1771381778678,352,0,
1771381778682,352,0,
1771381778686,352,0,
1771381778694,351,0,
1771381778698,351,0,
1771381778702,352,0,
1771381778707,352,0,
1771381778715,351,0,
1771381778719,351,0,
1771381778723,349,0,
1771381778727,349,0,
1771381778735,349,0,
1771381778739,350,0,
1771381778743,347,0,
1771381778748,346,0,
1771381778756,345,0,
1771381778760,343,0,
1771381778764,344,0,
1771381778772,345,0,
1771381778776,342,0,
1771381778780,338,0,
1771381778784,332,0,
1771381778793,316,0,
1771381778797,313,0,
1771381778801,318,0,
1771381778805,322,0,
1771381778813,326,0,
1771381778817,329,0,
1771381778821,332,0,
1771381778830,333,0,
1771381778834,338,0,
1771381778838,343,0,
1771381778842,344,0,
1771381778850,343,0,
1771381778854,345,0,
1771381778858,344,0,
1771381778862,345,0,
1771381778870,345,0,
1771381778874,343,0,
1771381778879,344,0,
1771381778883,347,0,
1771381778891,346,0,
1771381778895,346,0,
1771381778899,346,0,
1771381778907,346,0,
1771381778911,347,0,
1771381778915,357,0,
1771381778920,366,0,
1771381778928,355,0,
1771381778932,316,0,
1771381778936,248,0,
1771381778940,134,0,
1771381778944,1,0,
1771381778948,0,0,
1771381778952,0,0,
1771381778956,0,0,
1771381778960,16,0,
1771381778965,132,0,
1771381778969,298,0,
1771381778973,372,0,
1771381778981,371,0,
1771381778985,358,0,
1771381778989,359,0,
1771381778993,369,0,
1771381779002,376,0,
1771381779006,378,0,
1771381779010,377,0,
1771381779014,378,0,
1771381779022,376,0,
1771381779026,375,0,
1771381779030,373,0,
1771381779038,373,0,
1771381779042,370,0,
1771381779046,370,0,
1771381779051,368,0,
1771381779059,364,0,
1771381779063,363,0,
1771381779067,361,0,
1771381779071,356,0,
1771381779079,354,0,
1771381779083,352,0,
1771381779087,349,0,
1771381779096,345,0,
1771381779100,342,0,
1771381779104,337,0,
1771381779108,333,0,
1771381779116,329,0,
1771381779120,325,0,
1771381779124,319,0,
1771381779128,314,0,
1771381779137,311,0,
1771381779141,307,0,
1771381779145,302,0,
1771381779149,298,0,
1771381779157,294,0,
1771381779161,292,0,
1771381779165,292,0,
1771381779173,290,0,
1771381779177,288,0,
1771381779182,286,0,
1771381779186,285,0,
1771381779194,284,0,
1771381779198,286,0,
1771381779202,289,0,
1771381779206,291,0,
1771381779214,296,0,
1771381779218,303,0,
1771381779223,309,0,
1771381779231,316,0,
1771381779235,321,0,
1771381779239,327,0,
1771381779243,333,0,
1771381779251,337,0,
1771381779255,341,0,
1771381779259,343,0,
1771381779264,346,0,
1771381779272,347,0,
1771381779276,348,0,
1771381779280,349,0,
1771381779288,351,0,
1771381779292,351,0,
1771381779297,351,0,
1771381779300,352,0,
1771381779309,351,0,
1771381779313,352,0,
1771381779317,352,0,
1771381779321,352,0,
1771381779329,353,0,
1771381779333,354,0,
1771381779337,353,0,
1771381779341,353,0,
1771381779350,353,0,
1771381779354,354,0,
1771381779358,352,0,
1771381779366,352,0,
1771381779370,354,0,
1771381779374,353,0,
1771381779378,351,0,
1771381779386,351,0,
1771381779391,350,0,
1771381779395,351,0,
1771381779399,351,0,
1771381779407,350,0,
1771381779411,350,0,
1771381779415,351,0,
1771381779423,350,0,
1771381779427,349,0,
1771381779431,350,0,
1771381779436,350,0,
1771381779444,349,0,
1771381779449,349,0,
1771381779452,350,0,
1771381779456,349,0,
1771381779464,349,0,
1771381779468,349,0,
1771381779473,346,0,
1771381779477,348,0,
1771381779485,347,0,
1771381779489,345,0,
1771381779493,343,0,
1771381779501,342,0,
1771381779505,342,0,
1771381779509,342,0,
1771381779514,344,0,
1771381779522,340,0,
1771381779526,333,0,
1771381779530,324,0,
1771381779534,317,0,
1771381779542,316,0,
1771381779546,322,0,
1771381779550,326,0,
1771381779559,327,0,
1771381779563,331,0,
1771381779567,333,0,
1771381779571,335,0,
1771381779579,339,0,
1771381779583,340,0,
1771381779587,341,0,
1771381779591,341,0,
1771381779599,342,0,
1771381779603,343,0,
1771381779608,342,0,
1771381779612,342,0,
1771381779620,344,0,
1771381779624,342,0,
1771381779628,343,0,
1771381779636,343,0,
1771381779640,341,0,
1771381779645,342,0,
1771381779648,344,0,
1771381779657,350,0,
1771381779661,361,0,
1771381779665,360,0,
1771381779669,331,0,
1771381779677,274,0,
1771381779681,185,0,
1771381779685,60,0,
1771381779689,0,0,
1771381779694,0,0,
1771381779694,0,0,
1771381779698,11,0,
1771381779706,114,0,
1771381779710,274,0,
1771381779714,368,0,
1771381779718,377,0,
1771381779726,361,0,
1771381779730,355,0,
1771381779735,361,0,
1771381779739,369,0,
1771381779747,372,0,
1771381779751,375,0,
1771381779755,374,0,
1771381779764,373,0,
1771381779767,374,0,
1771381779771,374,0,
1771381779775,370,0,
1771381779784,369,0,
1771381779788,369,0,
1771381779792,367,0,
1771381779797,363,0,
1771381779804,363,0,
1771381779808,361,0,
1771381779813,358,0,
1771381779821,355,0,
1771381779825,353,0,
1771381779829,350,0,
1771381779833,347,0,
1771381779841,343,0,
1771381779845,339,0,
1771381779849,335,0,
1771381779853,331,0,
1771381779861,325,0,
1771381779866,322,0,
1771381779870,319,0,
1771381779874,313,0,
1771381779882,307,0,
1771381779886,304,0,
1771381779890,301,0,
1771381779898,299,0,
1771381779902,297,0,
1771381779907,295,0,
1771381779911,292,0,
1771381779919,292,0,
1771381779923,289,0,
1771381779927,288,0,
1771381779931,289,0,
1771381779939,287,0,
1771381779943,287,0,
1771381779947,292,0,
1771381779956,297,0,
1771381779960,304,0,
1771381779964,310,0,
1771381779968,316,0,
1771381779976,323,0,
1771381779980,328,0,
1771381779984,335,0,
1771381779989,340,0,
1771381779997,344,0,
1771381780001,350,0,
1771381780005,353,0,
1771381780009,354,0,
1771381780017,356,0,
1771381780021,357,0,
1771381780025,356,0,
1771381780034,359,0,
1771381780038,358,0,
1771381780042,358,0,
1771381780046,358,0,
1771381780054,357,0,
1771381780058,358,0,
1771381780062,357,0,
1771381780066,357,0,
1771381780074,356,0,
1771381780079,356,0,
1771381780083,359,0,
1771381780091,357,0,
1771381780095,356,0,
1771381780099,357,0,
1771381780103,357,0,
1771381780111,358,0,
1771381780115,358,0,
1771381780120,357,0,
1771381780124,360,0,
1771381780132,359,0,
1771381780136,358,0,
1771381780140,359,0,
1771381780144,358,0,
1771381780152,358,0,
1771381780156,356,0,
1771381780160,357,0,
1771381780169,360,0,
1771381780173,359,0,
1771381780177,358,0,
1771381780181,358,0,
1771381780189,358,0,
1771381780193,359,0,
1771381780197,358,0,
1771381780201,357,0,
1771381780210,356,0,
1771381780214,355,0,
1771381780218,354,0,
1771381780226,353,0,
1771381780230,354,0,
1771381780234,354,0,
1771381780238,354,0,
1771381780246,351,0,
1771381780251,346,0,
1771381780255,339,0,
1771381780259,328,0,
1771381780267,327,0,
1771381780271,331,0,
1771381780275,335,0,
1771381780283,336,0,
1771381780287,339,0,
1771381780292,342,0,
1771381780296,345,0,
1771381780304,349,0,
1771381780308,351,0,
1771381780312,351,0,
1771381780316,353,0,
1771381780324,353,0,
1771381780328,352,0,
1771381780332,352,0,
1771381780337,352,0,
1771381780345,353,0,
1771381780349,354,0,
1771381780353,353,0,
1771381780361,355,0,
1771381780365,355,0,
1771381780369,354,0,
1771381780373,354,0,
1771381780382,357,0,
1771381780386,367,0,
1771381780390,368,0,
1771381780394,350,0,
1771381780402,305,0,
1771381780406,229,0,
1771381780410,107,0,
1771381780414,0,0,
1771381780418,0,0,
1771381780423,0,0,
1771381780423,0,0,
1771381780427,30,0,
1771381780435,156,0,
1771381780439,314,0,
1771381780443,373,0,
1771381780447,370,0,
1771381780455,363,0,
1771381780459,368,0,
1771381780464,378,0,
1771381780468,383,0,
1771381780476,385,0,
1771381780480,385,0,
1771381780484,386,0,
1771381780492,384,0,
1771381780496,384,0,
1771381780500,384,0,
1771381780505,383,0,
1771381780513,381,0,
1771381780517,382,0,
1771381780521,376,0,
1771381780525,372,0,
1771381780533,373,0,
1771381780537,371,0,
1771381780541,367,0,
1771381780550,365,0,
1771381780554,363,0,
1771381780558,359,0,
1771381780562,356,0,
1771381780570,354,0,
1771381780574,348,0,
1771381780578,343,0,
1771381780582,341,0,
1771381780591,335,0,
1771381780595,330,0,
1771381780599,328,0,
1771381780603,320,0,
1771381780611,316,0,
1771381780615,316,0,
1771381780619,311,0,
1771381780627,306,0,
1771381780631,304,0,
1771381780636,303,0,
1771381780640,301,0,
1771381780648,302,0,
1771381780652,301,0,
1771381780656,300,0,
1771381780660,299,0,
1771381780668,300,0,
1771381780672,302,0,
1771381780677,305,0,
1771381780685,311,0,
1771381780689,313,0,
1771381780693,315,0,
1771381780697,324,0,
1771381780705,329,0,
1771381780709,333,0,
1771381780713,338,0,
1771381780717,342,0,
1771381780726,345,0,
1771381780730,347,0,
1771381780734,351,0,
1771381780738,351,0,
1771381780746,353,0,
1771381780750,353,0,
1771381780754,354,0,
1771381780763,353,0,
1771381780767,356,0,
1771381780771,355,0,
1771381780775,354,0,
1771381780783,356,0,
1771381780787,356,0,
1771381780791,356,0,
1771381780795,357,0,
1771381780804,356,0,
1771381780808,354,0,
1771381780812,355,0,
1771381780820,355,0,
1771381780824,355,0,
1771381780828,356,0,
1771381780832,355,0,
1771381780840,355,0,
1771381780844,353,0,
1771381780849,356,0,
1771381780853,355,0,
1771381780861,354,0,
1771381780865,355,0,
1771381780869,354,0,
1771381780873,352,0,
1771381780881,352,0,
1771381780885,353,0,
1771381780889,352,0,
1771381780898,353,0,
1771381780902,353,0,
1771381780906,353,0,
1771381780910,353,0,
1771381780918,352,0,
1771381780922,351,0,
1771381780926,350,0,
1771381780930,352,0,
1771381780939,350,0,
1771381780943,348,0,
1771381780947,350,0,
1771381780955,348,0,
1771381780959,347,0,
1771381780963,347,0,
1771381780967,347,0,
1771381780975,343,0,
1771381780980,339,0,
1771381780984,333,0,
1771381780988,320,0,
1771381780996,317,0,
1771381781000,324,0,
1771381781004,327,0,
1771381781012,329,0,
1771381781016,333,0,
1771381781021,334,0,
1771381781025,334,0,
1771381781033,341,0,
1771381781037,344,0,
1771381781041,345,0,
1771381781045,346,0,
1771381781053,348,0,
1771381781057,346,0,
1771381781062,346,0,
1771381781066,347,0,
1771381781074,346,0,
1771381781078,347,0,
1771381781082,350,0,
1771381781090,347,0,
1771381781094,345,0,
1771381781098,349,0,
1771381781103,348,0,
1771381781111,349,0,
1771381781115,362,0,
1771381781119,365,0,
1771381781123,347,0,
1771381781131,300,0,
1771381781135,222,0,
1771381781139,93,0,
1771381781143,0,0,
1771381781148,0,0,
1771381781148,0,0,
1771381781152,0,0,
1771381781156,0,0,
1771381781160,69,0,
1771381781164,216,0,
1771381781168,351,0,
1771381781176,375,0,
1771381781180,361,0,
1771381781184,362,0,
1771381781188,370,0,
1771381781197,378,0,
1771381781201,383,0,
1771381781205,383,0,
1771381781213,382,0,
1771381781217,383,0,
1771381781221,381,0,
1771381781225,379,0,
1771381781234,380,0,
1771381781238,377,0,
1771381781242,375,0,
1771381781246,373,0,
1771381781254,373,0,
1771381781258,368,0,
1771381781262,366,0,
1771381781266,366,0,
1771381781274,362,0,
1771381781279,358,0,
1771381781283,357,0,
1771381781291,353,0,
1771381781295,348,0,
1771381781299,347,0,
1771381781303,343,0,
1771381781311,337,0,
1771381781315,334,0,
1771381781320,327,0,
1771381781324,321,0,
1771381781332,317,0,
1771381781336,316,0,
1771381781340,310,0,
1771381781348,306,0,
1771381781352,305,0,
1771381781356,300,0,
1771381781360,297,0,
1771381781369,297,0,
1771381781373,296,0,
1771381781377,294,0,
1771381781381,295,0,
1771381781389,294,0,
1771381781393,293,0,
1771381781397,296,0,
1771381781401,299,0,
1771381781410,301,0,
1771381781414,306,0,
1771381781418,314,0,
1771381781426,318,0,
1771381781430,323,0,
1771381781434,329,0,
1771381781438,334,0,
1771381781446,339,0,
1771381781451,343,0,
1771381781455,347,0,
1771381781459,348,0,
1771381781467,351,0,
1771381781471,352,0,
1771381781475,350,0,
1771381781483,353,0,
1771381781487,357,0,
1771381781492,353,0,
1771381781496,353,0,
1771381781504,356,0,
1771381781508,356,0,
1771381781512,355,0,
1771381781516,356,0,
1771381781524,356,0,
1771381781528,355,0,
1771381781533,357,0,
1771381781541,357,0,
1771381781545,355,0,
1771381781549,355,0,
1771381781553,355,0,
1771381781561,356,0,
1771381781565,356,0,
1771381781569,358,0,
1771381781573,356,0,
1771381781582,354,0,
1771381781586,356,0,
1771381781590,355,0,
1771381781594,354,0,
1771381781602,355,0,
1771381781606,355,0,
1771381781610,355,0,
1771381781618,357,0,
1771381781623,355,0,
1771381781627,354,0,
1771381781631,356,0,
1771381781639,355,0,
1771381781643,354,0,
1771381781647,355,0,
1771381781651,356,0,
1771381781659,351,0,
1771381781664,350,0,
1771381781668,352,0,
1771381781676,349,0,
1771381781681,347,0,
1771381781684,349,0,
1771381781688,348,0,
1771381781696,348,0,
1771381781700,346,0,
1771381781705,340,0,
1771381781709,331,0,
1771381781717,320,0,
1771381781721,316,0,
1771381781725,321,0,
1771381781729,327,0,
1771381781737,333,0,
1771381781741,333,0,
1771381781745,334,0,
1771381781754,340,0,
1771381781758,343,0,
1771381781762,345,0,
1771381781766,348,0,
1771381781774,346,0,
1771381781778,347,0,
1771381781782,348,0,
1771381781786,349,0,
1771381781795,347,0,
1771381781799,348,0,
1771381781803,347,0,
1771381781811,347,0,
1771381781815,349,0,
1771381781819,351,0,
1771381781824,350,0,
1771381781832,347,0,
1771381781836,353,0,
1771381781840,363,0,
1771381781844,366,0,
1771381781852,352,0,
1771381781856,306,0,
1771381781860,231,0,
1771381781865,109,0,
1771381781868,0,0,
1771381781873,0,0,
1771381781877,0,0,
1771381781881,0,0,
1771381781885,36,0,
1771381781889,167,0,
1771381781893,322,0,
1771381781897,376,0,
1771381781905,366,0,
1771381781909,359,0,
1771381781914,363,0,
1771381781918,371,0,
1771381781926,377,0,
1771381781931,379,0,
1771381781934,381,0,
1771381781942,378,0,
1771381781946,377,0,
1771381781951,377,0,
1771381781955,377,0,
1771381781963,373,0,
1771381781967,371,0,
1771381781971,370,0,
1771381781975,369,0,
1771381781983,366,0,
1771381781987,363,0,
1771381781991,361,0,
1771381781996,359,0,
1771381782004,356,0,
1771381782008,352,0,
1771381782012,350,0,
1771381782020,347,0,
1771381782024,342,0,
1771381782028,337,0,
1771381782032,335,0,
1771381782040,329,0,
1771381782044,323,0,
1771381782049,320,0,
1771381782053,315,0,
1771381782061,310,0,
1771381782065,305,0,
1771381782069,302,0,
1771381782077,299,0,
1771381782081,296,0,
1771381782086,294,0,
1771381782090,291,0,
1771381782098,289,0,
1771381782102,288,0,
1771381782106,286,0,
1771381782110,285,0,
1771381782118,287,0,
1771381782122,287,0,
1771381782126,288,0,
1771381782130,295,0,
1771381782139,298,0,
1771381782143,304,0,
1771381782147,309,0,
1771381782155,314,0,
1771381782159,321,0,
1771381782163,329,0,
1771381782167,335,0,
1771381782176,339,0,
1771381782180,342,0,
1771381782184,345,0,
1771381782188,347,0,
1771381782196,347,0,
1771381782200,349,0,
1771381782205,351,0,
1771381782212,350,0,
1771381782217,352,0,
1771381782221,352,0,
1771381782225,352,0,
1771381782233,352,0,
1771381782237,351,0,
1771381782241,352,0,
1771381782245,353,0,
1771381782253,353,0,
1771381782257,353,0,
1771381782262,353,0,
1771381782266,353,0,
1771381782274,353,0,
1771381782278,350,0,
1771381782282,352,0,
1771381782290,352,0,
1771381782294,352,0,
1771381782298,351,0,
1771381782303,350,0,
1771381782311,352,0,
1771381782315,352,0,
1771381782319,352,0,
1771381782323,351,0,
1771381782331,349,0,
1771381782335,350,0,
1771381782339,350,0,
1771381782348,350,0,
1771381782352,350,0,
1771381782357,349,0,
1771381782360,347,0,
1771381782368,348,0,
1771381782373,349,0,
1771381782377,349,0,
1771381782381,347,0,
1771381782389,346,0,
1771381782393,345,0,
1771381782397,343,0,
1771381782405,341,0,
1771381782409,341,0,
1771381782413,342,0,
1771381782417,342,0,
1771381782425,337,0,
1771381782429,331,0,
1771381782433,323,0,
1771381782438,314,0,
1771381782446,316,0,
1771381782450,323,0,
1771381782454,327,0,
1771381782458,330,0,
1771381782466,331,0,
1771381782470,332,0,
1771381782475,337,0,
1771381782483,340,0,
1771381782487,343,0,
1771381782491,342,0,
1771381782495,342,0,
1771381782503,345,0,
1771381782507,343,0,
1771381782511,343,0,
1771381782515,345,0,
1771381782524,344,0,
1771381782528,343,0,
1771381782532,345,0,
1771381782540,344,0,
1771381782544,345,0,
1771381782548,343,0,
1771381782552,344,0,
1771381782560,355,0,
1771381782565,362,0,
1771381782569,353,0,
1771381782574,313,0,
1771381782581,247,0,
1771381782585,144,0,
1771381782589,18,0,
1771381782593,0,0,
1771381782593,0,0,
1771381782598,2,0,
1771381782602,57,0,
1771381782610,179,0,
1771381782614,323,0,
1771381782618,381,0,
1771381782622,375,0,
1771381782630,357,0,
1771381782634,356,0,
1771381782638,365,0,
1771381782642,370,0,
1771381782651,374,0,
1771381782655,375,0,
1771381782659,375,0,
1771381782663,375,0,
1771381782671,374,0,
1771381782675,370,0,
1771381782679,371,0,
1771381782687,371,0,
1771381782692,368,0,
1771381782696,365,0,
1771381782700,364,0,
1771381782708,364,0,
1771381782712,360,0,
1771381782716,357,0,
1771381782720,357,0,
1771381782728,353,0,
1771381782733,350,0,
1771381782737,348,0,
1771381782745,343,0,
1771381782749,341,0,
1771381782753,337,0,
1771381782757,330,0,
1771381782765,326,0,
1771381782769,322,0,
1771381782774,317,0,
1771381782778,313,0,
1771381782786,310,0,
1771381782790,306,0,
1771381782794,301,0,
1771381782802,299,0,
1771381782806,296,0,
1771381782810,294,0,
1771381782814,292,0,
1771381782823,291,0,
1771381782827,288,0,
1771381782831,288,0,
1771381782835,287,0,
1771381782843,285,0,
1771381782847,291,0,
1771381782851,295,0,
1771381782855,298,0,
1771381782864,306,0,
1771381782868,312,0,
1771381782872,320,0,
1771381782880,325,0,
1771381782884,333,0,
1771381782888,340,0,
1771381782892,345,0,
1771381782901,348,0,
1771381782905,352,0,
1771381782909,352,0,
1771381782913,354,0,
1771381782921,357,0,
1771381782925,356,0,
1771381782929,357,0,
1771381782937,358,0,
1771381782941,357,0,
1771381782946,358,0,
1771381782950,359,0,
1771381782958,359,0,
1771381782962,356,0,
1771381782966,357,0,
1771381782970,359,0,
1771381782978,357,0,
1771381782982,358,0,
1771381782986,359,0,
1771381782991,357,0,
1771381782999,356,0,
1771381783003,358,0,
1771381783007,358,0,
1771381783015,358,0,
1771381783019,359,0,
1771381783023,360,0,
1771381783027,360,0,
1771381783036,358,0,
1771381783040,358,0,
1771381783044,357,0,
1771381783048,358,0,
1771381783056,360,0,
1771381783060,358,0,
1771381783064,358,0,
1771381783072,358,0,
1771381783077,356,0,
1771381783081,357,0,
1771381783085,358,0,
1771381783093,356,0,
1771381783097,357,0,
1771381783101,357,0,
1771381783105,356,0,
1771381783113,353,0,
1771381783118,353,0,
1771381783122,354,0,
1771381783126,352,0,
1771381783134,350,0,
1771381783138,345,0,
1771381783142,334,0,
1771381783150,327,0,
1771381783155,328,0,
1771381783159,331,0,
1771381783163,335,0,
1771381783171,339,0,
1771381783175,340,0,
1771381783179,343,0,
1771381783183,348,0,
1771381783191,353,0,
1771381783195,352,0,
1771381783199,354,0,
1771381783208,356,0,
1771381783212,355,0,
1771381783216,355,0,
1771381783220,355,0,
1771381783228,354,0,
1771381783232,355,0,
1771381783236,356,0,
1771381783240,354,0,
1771381783249,355,0,
1771381783253,356,0,
1771381783257,355,0,
1771381783261,355,0,
1771381783269,362,0,
1771381783273,369,0,
1771381783277,364,0,
1771381783285,335,0,
1771381783290,281,0,
1771381783294,187,0,
1771381783298,55,0,
1771381783302,0,0,
1771381783306,0,0,
1771381783306,0,0,
1771381783310,4,0,
1771381783314,71,0,
1771381783318,205,0,
1771381783326,341,0,
1771381783331,380,0,
1771381783335,369,0,
1771381783343,364,0,
1771381783347,372,0,
1771381783351,382,0,
1771381783355,387,0,
1771381783363,388,0,
1771381783367,388,0,
1771381783371,388,0,
1771381783376,387,0,
1771381783384,385,0,
1771381783388,385,0,
1771381783392,383,0,
1771381783400,382,0,
1771381783404,380,0,
1771381783408,379,0,
1771381783412,377,0,
1771381783421,375,0,
1771381783425,371,0,
1771381783429,369,0,
1771381783433,367,0,
1771381783441,364,0,
1771381783445,360,0,
1771381783449,356,0,
1771381783453,355,0,
1771381783462,349,0,
1771381783466,346,0,
1771381783470,341,0,
1771381783478,335,0,
1771381783482,333,0,
1771381783486,329,0,
1771381783490,324,0,
1771381783498,320,0,
1771381783502,315,0,
1771381783507,311,0,
1771381783511,310,0,
1771381783519,309,0,
1771381783523,308,0,
1771381783527,304,0,
1771381783535,303,0,
1771381783539,303,0,
1771381783543,303,0,
1771381783547,302,0,
1771381783556,301,0,
1771381783560,303,0,
1771381783564,307,0,
1771381783568,313,0,
1771381783576,317,0,
1771381783580,321,0,
1771381783584,327,0,
1771381783588,332,0,
1771381783597,336,0,
1771381783601,342,0,
1771381783605,347,0,
1771381783613,348,0,
1771381783617,350,0,
1771381783621,352,0,
1771381783625,353,0,
1771381783634,354,0,
1771381783638,356,0,
1771381783642,356,0,
1771381783646,357,0,
1771381783654,358,0,
1771381783658,356,0,
1771381783662,357,0,
1771381783670,358,0,
1771381783675,358,0,
1771381783679,357,0,
1771381783683,356,0,
1771381783691,358,0,
1771381783696,357,0,
1771381783699,357,0,
1771381783704,358,0,
1771381783711,357,0,
1771381783715,357,0,
1771381783720,357,0,
1771381783724,357,0,
1771381783732,356,0,
1771381783736,357,0,
1771381783740,356,0,
1771381783748,356,0,
1771381783752,357,0,
1771381783756,358,0,
1771381783761,356,0,
1771381783769,355,0,
1771381783773,355,0,
1771381783777,354,0,
1771381783781,355,0,
1771381783789,355,0,
1771381783793,354,0,
1771381783797,354,0,
1771381783806,354,0,
1771381783810,353,0,
1771381783814,353,0,
1771381783818,352,0,
1771381783826,352,0,
1771381783830,352,0,
1771381783834,351,0,
1771381783838,350,0,
1771381783847,347,0,
1771381783851,347,0,
1771381783855,349,0,
1771381783863,345,0,
1771381783867,342,0,
1771381783871,337,0,
1771381783875,325,0,
1771381783883,319,0,
1771381783888,322,0,
1771381783892,325,0,
1771381783896,330,0,
1771381783904,333,0,
1771381783908,334,0,
1771381783912,338,0,
1771381783916,343,0,
1771381783924,345,0,
1771381783928,345,0,
1771381783933,347,0,
1771381783941,347,0,
1771381783945,347,0,
1771381783949,348,0,
1771381783953,348,0,
1771381783961,348,0,
1771381783965,350,0,
1771381783969,350,0,
1771381783973,351,0,
1771381783982,351,0,
1771381783986,352,0,
1771381783990,348,0,
1771381783998,351,0,
1771381784002,361,0,
1771381784006,367,0,
1771381784010,351,0,
1771381784018,309,0,
1771381784023,235,0,
1771381784027,110,0,
1771381784031,0,0,
1771381784035,0,0,
1771381784035,0,0,
1771381784039,0,0,
1771381784043,10,0,
1771381784047,129,0,
1771381784055,297,0,
1771381784059,370,0,
1771381784064,370,0,
1771381784072,362,0,
1771381784076,366,0,
1771381784080,378,0,
1771381784084,382,0,
1771381784092,382,0,
1771381784096,384,0,
1771381784100,385,0,
1771381784105,383,0,
1771381784113,382,0,
1771381784117,382,0,
1771381784121,379,0,
1771381784129,377,0,
1771381784133,377,0,
1771381784137,375,0,
1771381784141,372,0,
1771381784150,370,0,
1771381784154,369,0,
1771381784158,365,0,
1771381784162,365,0,
1771381784170,361,0,
1771381784174,355,0,
1771381784178,352,0,
1771381784182,350,0,
1771381784191,344,0,
1771381784195,340,0,
1771381784199,336,0,
1771381784207,330,0,
1771381784211,325,0,
1771381784215,323,0,
1771381784219,318,0,
1771381784227,313,0,
1771381784231,311,0,
1771381784236,307,0,
1771381784240,301,0,
1771381784248,302,0,
1771381784252,300,0,
1771381784256,296,0,
1771381784264,296,0,
1771381784268,296,0,
1771381784273,294,0,
1771381784277,293,0,
1771381784285,294,0,
1771381784289,295,0,
1771381784293,297,0,
1771381784297,304,0,
1771381784305,310,0,
1771381784309,313,0,
1771381784313,317,0,
1771381784318,325,0,
1771381784326,329,0,
1771381784330,336,0,
1771381784334,341,0,
1771381784342,342,0,
1771381784346,346,0,
1771381784350,349,0,
1771381784354,348,0,
1771381784363,349,0,
1771381784367,352,0,
1771381784371,352,0,
1771381784375,351,0,
1771381784383,353,0,
1771381784387,352,0,
1771381784391,351,0,
1771381784399,353,0,
1771381784404,355,0,
1771381784408,352,0,
1771381784412,355,0,
1771381784420,356,0,
1771381784424,354,0,
1771381784428,355,0,
1771381784432,354,0,
1771381784440,354,0,
1771381784445,354,0,
1771381784449,354,0,
1771381784453,353,0,
1771381784461,354,0,
1771381784465,354,0,
1771381784469,353,0,
1771381784477,352,0,
1771381784481,354,0,
1771381784485,353,0,
1771381784490,352,0,
1771381784498,354,0,
1771381784502,353,0,
1771381784506,352,0,
1771381784510,352,0,
1771381784518,352,0,
1771381784522,351,0,
1771381784526,351,0,
1771381784535,351,0,
1771381784539,351,0,
1771381784543,350,0,
1771381784547,351,0,
1771381784555,352,0,
1771381784559,349,0,
1771381784563,350,0,
1771381784567,348,0,
1771381784576,343,0,
1771381784580,345,0,
1771381784584,346,0,
1771381784592,343,0,
1771381784596,343,0,
1771381784600,340,0,
1771381784604,333,0,
1771381784612,321,0,
1771381784616,314,0,
1771381784621,317,0,
1771381784625,322,0,
1771381784633,327,0,
1771381784637,329,0,
1771381784641,329,0,
1771381784645,335,0,
1771381784654,339,0,
1771381784657,340,0,
1771381784662,345,0,
1771381784670,346,0,
1771381784674,344,0,
1771381784678,345,0,
1771381784682,346,0,
1771381784690,345,0,
1771381784694,345,0,
1771381784698,346,0,
1771381784703,347,0,
1771381784711,346,0,
1771381784715,347,0,
1771381784719,347,0,
1771381784727,345,0,
1771381784731,347,0,
1771381784735,358,0,
1771381784739,364,0,
1771381784748,358,0,
1771381784752,322,0,
1771381784756,257,0,
1771381784760,149,0,
1771381784764,12,0,
1771381784768,0,0,
1771381784772,0,0,
1771381784776,0,0,
1771381784780,15,0,
1771381784784,134,0,
1771381784789,301,0,
1771381784797,372,0,
1771381784801,368,0,
1771381784805,358,0,
1771381784809,363,0,
1771381784817,372,0,
1771381784821,378,0,
1771381784825,382,0,
1771381784829,383,0,
1771381784838,381,0,
1771381784842,378,0,
1771381784846,377,0,
1771381784850,377,0,
1771381784858,376,0,
1771381784862,374,0,
1771381784866,373,0,
1771381784875,369,0,
1771381784879,366,0,
1771381784883,365,0,
1771381784887,363,0,
1771381784895,362,0,
1771381784899,358,0,
1771381784903,355,0,
1771381784907,353,0,
1771381784915,349,0,
1771381784920,344,0,
1771381784924,340,0,
1771381784932,335,0,
1771381784936,331,0,
1771381784941,327,0,
1771381784944,323,0,
1771381784952,319,0,
1771381784956,315,0,
1771381784961,308,0,
1771381784965,306,0,
1771381784973,302,0,
1771381784977,300,0,
1771381784981,298,0,
1771381784989,295,0,
1771381784993,293,0,
1771381784997,292,0,
1771381785001,289,0,
1771381785010,288,0,
1771381785014,289,0,
1771381785018,290,0,
1771381785022,291,0,
1771381785030,294,0,
1771381785034,302,0,
1771381785038,307,0,
1771381785043,310,0,
1771381785051,316,0,
1771381785055,323,0,
1771381785059,330,0,
1771381785067,335,0,
1771381785071,339,0,
1771381785075,343,0,
1771381785080,346,0,
1771381785088,348,0,
1771381785092,350,0,
1771381785096,351,0,
1771381785100,352,0,
1771381785108,353,0,
1771381785112,353,0,
1771381785116,355,0,
1771381785124,356,0,
1771381785128,355,0,
1771381785133,355,0,
1771381785137,355,0,
1771381785145,356,0,
1771381785149,357,0,
1771381785153,355,0,
1771381785157,354,0,
1771381785165,354,0,
1771381785169,354,0,
1771381785174,354,0,
1771381785178,355,0,
1771381785186,356,0,
1771381785190,354,0,
1771381785194,353,0,
1771381785202,355,0,
1771381785206,355,0,
1771381785210,355,0,
1771381785214,353,0,
1771381785223,351,0,
1771381785227,352,0,
1771381785231,352,0,
1771381785235,351,0,
1771381785243,351,0,
1771381785248,353,0,
1771381785251,353,0,
1771381785260,351,0,
1771381785264,350,0,
1771381785268,351,0,
1771381785272,349,0,
1771381785280,349,0,
1771381785284,350,0,
1771381785288,348,0,
1771381785292,349,0,
1771381785300,348,0,
1771381785305,346,0,
1771381785309,346,0,
1771381785313,345,0,
1771381785321,344,0,
1771381785325,344,0,
1771381785329,344,0,
1771381785337,343,0,
1771381785341,338,0,
1771381785346,333,0,
1771381785350,325,0,
1771381785358,316,0,
1771381785362,316,0,
1771381785366,321,0,
1771381785370,326,0,
1771381785378,330,0,
1771381785382,330,0,
1771381785386,332,0,
1771381785395,336,0,
1771381785399,340,0,
1771381785403,342,0,
1771381785407,343,0,
1771381785415,343,0,
1771381785419,343,0,
1771381785423,344,0,
1771381785427,345,0,
1771381785436,345,0,
1771381785440,344,0,
1771381785444,344,0,
1771381785448,346,0,
1771381785456,346,0,
1771381785460,346,0,
1771381785464,345,0,
1771381785472,343,0,
1771381785477,353,0,
1771381785481,363,0,
1771381785485,361,0,
1771381785493,328,0,
1771381785497,268,0,
1771381785501,173,0,
1771381785505,46,0,
1771381785509,0,0,
1771381785513,0,0,
1771381785513,0,0,
1771381785522,40,0,
1771381785526,152,0,
1771381785530,304,0,
1771381785534,376,0,
1771381785542,373,0,
1771381785546,357,0,
1771381785550,355,0,
1771381785554,365,0,
1771381785563,370,0,
1771381785567,373,0,
1771381785571,374,0,
1771381785575,373,0,
1771381785583,374,0,
1771381785587,372,0,
1771381785591,370,0,
1771381785599,371,0,
1771381785604,369,0,
1771381785608,367,0,
1771381785612,365,0,
1771381785620,364,0,
1771381785624,363,0,
1771381785628,357,0,
1771381785632,356,0,
1771381785640,354,0,
1771381785644,351,0,
1771381785649,347,0,
1771381785657,344,0,
1771381785661,339,0,
1771381785665,337,0,
1771381785669,333,0,
1771381785677,326,0,
1771381785681,322,0,
1771381785685,319,0,
1771381785690,312,0,
1771381785698,308,0,
1771381785702,305,0,
1771381785706,301,0,
1771381785710,296,0,
1771381785718,293,0,
1771381785722,291,0,
1771381785726,290,0,
1771381785735,288,0,
1771381785739,285,0,
1771381785743,282,0,
1771381785747,281,0,
1771381785755,280,0,
1771381785759,280,0,
1771381785763,283,0,
1771381785767,288,0,
1771381785776,292,0,
1771381785780,298,0,
1771381785784,304,0,
1771381785792,312,0,
1771381785796,318,0,
1771381785800,325,0,
1771381785804,332,0,
1771381785812,335,0,
1771381785816,338,0,
1771381785821,342,0,
1771381785825,345,0,
1771381785833,348,0,
1771381785837,350,0,
1771381785841,350,0,
1771381785845,351,0,
1771381785853,352,0,
1771381785857,354,0,
1771381785862,352,0,
1771381785870,352,0,
1771381785874,354,0,
1771381785878,353,0,
1771381785882,353,0,
1771381785890,354,0,
1771381785894,353,0,
1771381785898,354,0,
1771381785903,354,0,
1771381785911,353,0,
1771381785915,353,0,
1771381785919,354,0,
1771381785927,353,0,
1771381785931,355,0,
1771381785935,356,0,
1771381785939,354,0,
1771381785948,352,0,
1771381785952,353,0,
1771381785956,354,0,
1771381785960,353,0,
1771381785968,353,0,
1771381785972,353,0,
1771381785976,352,0,
1771381785984,354,0,
1771381785989,353,0,
1771381785993,352,0,
1771381785997,353,0,
1771381786005,353,0,
1771381786009,351,0,
1771381786013,351,0,
1771381786017,352,0,
1771381786026,352,0,
1771381786029,350,0,
1771381786034,350,0,
1771381786038,350,0,
1771381786046,347,0,
1771381786050,348,0,
1771381786054,348,0,
1771381786062,349,0,
1771381786066,350,0,
1771381786070,347,0,
1771381786075,341,0,
1771381786083,334,0,
1771381786087,326,0,
1771381786091,322,0,
1771381786095,325,0,
1771381786103,331,0,
1771381786107,335,0,
1771381786111,335,0,
1771381786120,337,0,
1771381786124,341,0,
1771381786128,344,0,
1771381786132,347,0,
1771381786140,349,0,
1771381786144,349,0,
1771381786148,349,0,
1771381786152,349,0,
1771381786161,348,0,
1771381786165,350,0,
1771381786169,349,0,
1771381786173,348,0,
1771381786181,350,0,
1771381786185,351,0,
1771381786189,350,0,
1771381786197,349,0,
1771381786201,350,0,
1771381786206,355,0,
1771381786210,364,0,
1771381786218,367,0,
1771381786222,346,0,
1771381786226,297,0,
1771381786230,221,0,
1771381786239,104,0,
1771381786239,0,0,
1771381786242,0,0,
1771381786247,0,0,
1771381786251,20,0,
1771381786255,117,0,
1771381786263,271,0,
1771381786267,368,0,
1771381786271,377,0,
1771381786275,364,0,
1771381786283,362,0,
1771381786288,369,0,
1771381786292,377,0,
1771381786296,380,0,
1771381786304,382,0,
1771381786308,382,0,
1771381786312,384,0,
1771381786320,383,0,
1771381786324,381,0,
1771381786328,380,0,
1771381786333,378,0,
1771381786341,376,0,
1771381786345,377,0,
1771381786349,373,0,
1771381786353,371,0,
1771381786361,370,0,
1771381786365,369,0,
1771381786369,366,0,
1771381786374,362,0,
1771381786382,360,0,
1771381786386,357,0,
1771381786390,353,0,
1771381786398,349,0,
1771381786402,347,0,
1771381786406,342,0,
1771381786410,337,0,
1771381786419,334,0,
1771381786423,328,0,
1771381786427,325,0,
1771381786431,319,0,
1771381786439,314,0,
1771381786443,313,0,
1771381786447,310,0,
1771381786455,306,0,
1771381786460,304,0,
1771381786464,303,0,
1771381786468,302,0,
1771381786476,301,0,
1771381786480,300,0,
1771381786484,300,0,
1771381786488,298,0,
1771381786496,300,0,
1771381786500,304,0,
1771381786505,308,0,
1771381786509,313,0,
1771381786517,317,0,
1771381786521,322,0,
1771381786525,330,0,
1771381786533,335,0,
1771381786537,339,0,
1771381786541,342,0,
1771381786546,348,0,
1771381786554,351,0,
1771381786558,352,0,
1771381786562,354,0,
1771381786566,357,0,
1771381786574,356,0,
1771381786578,356,0,
1771381786582,358,0,
1771381786591,358,0,
1771381786595,360,0,
1771381786599,359,0,
1771381786603,358,0,
1771381786611,360,0,
1771381786615,360,0,
1771381786619,359,0,
1771381786623,358,0,
1771381786632,358,0,
1771381786636,359,0,
1771381786640,357,0,
1771381786648,357,0,
1771381786652,358,0,
1771381786656,358,0,
1771381786660,357,0,
1771381786668,358,0,
1771381786673,358,0,
1771381786677,359,0,
1771381786681,358,0,
1771381786689,357,0,
1771381786693,357,0,
1771381786697,359,0,
1771381786701,358,0,
1771381786709,357,0,
1771381786713,357,0,
1771381786718,358,0,
1771381786726,356,0,
1771381786730,355,0,
1771381786734,356,0,
1771381786738,356,0,
1771381786746,354,0,
1771381786750,355,0,
1771381786754,352,0,
1771381786759,353,0,
1771381786767,352,0,
1771381786771,350,0,
1771381786775,349,0,
1771381786783,351,0,
1771381786787,351,0,
1771381786791,351,0,
1771381786795,347,0,
1771381786804,343,0,
1771381786808,334,0,
1771381786812,325,0,
1771381786816,323,0,
1771381786824,326,0,
1771381786828,330,0,
1771381786832,335,0,
1771381786836,335,0,
1771381786844,338,0,
1771381786849,341,0,
1771381786853,345,0,
1771381786861,348,0,
1771381786865,349,0,
1771381786869,349,0,
1771381786873,349,0,
1771381786881,349,0,
1771381786885,349,0,
1771381786890,348,0,
1771381786894,348,0,
1771381786902,350,0,
1771381786906,349,0,
1771381786910,351,0,
1771381786918,351,0,
1771381786922,349,0,
1771381786926,349,0,
1771381786931,357,0,
1771381786939,365,0,
1771381786943,362,0,
1771381786947,335,0,
1771381786951,278,0,
1771381786959,182,0,
1771381786963,45,0,
1771381786963,0,0,
1771381786967,0,0,
1771381786971,0,0,
1771381786976,0,0,
1771381786980,35,0,
1771381786984,171,0,
1771381786988,324,0,
1771381786997,374,0,
1771381787000,365,0,
1771381787004,360,0,
1771381787008,368,0,
1771381787017,376,0,
1771381787021,380,0,
1771381787025,383,0,
1771381787029,384,0,
1771381787037,385,0,
1771381787041,382,0,
1771381787045,382,0,
1771381787053,382,0,
1771381787057,378,0,
1771381787062,376,0,
1771381787066,377,0,
1771381787074,374,0,
1771381787078,372,0,
1771381787082,369,0,
1771381787086,364,0,
1771381787094,363,0,
1771381787098,361,0,
1771381787103,357,0,
1771381787107,354,0,
1771381787115,351,0,
1771381787119,349,0,
1771381787123,344,0,
1771381787131,339,0,
1771381787135,336,0,
1771381787139,330,0,
1771381787144,326,0,
1771381787152,322,0,
1771381787156,317,0,
1771381787160,314,0,
1771381787164,310,0,
1771381787172,306,0,
1771381787176,305,0,
1771381787180,303,0,
1771381787189,301,0,
1771381787193,300,0,
1771381787197,300,0,
1771381787201,299,0,
1771381787209,298,0,
1771381787213,297,0,
1771381787217,301,0,
1771381787221,302,0,
1771381787229,304,0,
1771381787234,311,0,
1771381787238,315,0,
1771381787246,320,0,
1771381787250,326,0,
1771381787254,329,0,
1771381787258,335,0,
1771381787266,339,0,
1771381787271,342,0,
1771381787275,346,0,
1771381787279,349,0,
1771381787287,352,0,
1771381787291,351,0,
1771381787295,352,0,
1771381787299,353,0,
1771381787307,353,0,
1771381787311,352,0,
1771381787315,355,0,
1771381787324,354,0,
1771381787328,355,0,
1771381787332,355,0,
1771381787336,354,0,
1771381787344,356,0,
1771381787348,355,0,
1771381787352,355,0,
1771381787356,354,0,
1771381787365,356,0,
1771381787369,356,0,
1771381787373,354,0,
1771381787381,354,0,
1771381787385,356,0,
1771381787389,356,0,
1771381787394,355,0,
1771381787402,356,0,
1771381787406,354,0,
1771381787410,356,0,
1771381787414,355,0,
1771381787422,354,0,
1771381787426,353,0,
1771381787430,353,0,
1771381787434,355,0,
1771381787443,353,0,
1771381787447,354,0,
1771381787451,353,0,
1771381787459,352,0,
1771381787463,352,0,
1771381787467,354,0,
1771381787471,352,0,
1771381787479,352,0,
1771381787483,351,0,
1771381787487,348,0,
1771381787492,350,0,
1771381787500,349,0,
1771381787504,347,0,
1771381787508,347,0,
1771381787516,344,0,
1771381787520,338,0,
1771381787524,327,0,
1771381787528,319,0,
1771381787537,321,0,
1771381787541,326,0,
1771381787545,330,0,
1771381787549,334,0,
1771381787557,335,0,
1771381787561,338,0,
1771381787565,340,0,
1771381787569,344,0,
1771381787578,348,0,
1771381787582,349,0,
1771381787586,348,0,
1771381787594,347,0,
1771381787598,348,0,
1771381787602,350,0,
1771381787606,348,0,
1771381787614,349,0,
1771381787619,350,0,
1771381787623,349,0,
1771381787627,350,0,
1771381787635,350,0,
1771381787639,350,0,
1771381787643,352,0,
1771381787651,363,0,
1771381787655,367,0,
1771381787660,358,0,
1771381787664,317,0,
1771381787672,248,0,
1771381787676,132,0,
1771381787680,0,0,
1771381787680,0,0,
1771381787684,0,0,
1771381787688,0,0,
1771381787692,3,0,
1771381787696,77,0,
1771381787700,223,0,
1771381787705,351,0,
1771381787713,376,0,
1771381787717,365,0,
1771381787721,364,0,
1771381787725,370,0,
1771381787733,377,0,
1771381787737,383,0,
1771381787741,382,0,
1771381787746,384,0,
1771381787754,384,0,
1771381787758,381,0,
1771381787762,380,0,
1771381787766,380,0,
1771381787774,377,0,
1771381787778,374,0,
1771381787782,373,0,
1771381787791,371,0,
1771381787795,368,0,
1771381787799,368,0,
1771381787803,367,0,
1771381787811,361,0,
1771381787815,357,0,
1771381787819,357,0,
1771381787823,352,0,
1771381787832,347,0,
1771381787836,346,0,
1771381787840,339,0,
1771381787848,335,0,
1771381787852,332,0,
1771381787856,327,0,
1771381787860,322,0,
1771381787868,319,0,
1771381787873,314,0,
1771381787877,310,0,
1771381787881,307,0,
1771381787889,305,0,
1771381787893,301,0,
1771381787897,298,0,
1771381787901,298,0,
1771381787909,295,0,
1771381787913,294,0,
1771381787918,295,0,
1771381787926,291,0,
1771381787930,292,0,
1771381787934,295,0,
1771381787938,298,0,
1771381787946,303,0,
1771381787950,310,0,
1771381787954,315,0,
1771381787959,320,0,
1771381787967,326,0,
1771381787971,333,0,
1771381787975,336,0,
1771381787983,341,0,
1771381787987,346,0,
1771381787991,347,0,
1771381787995,351,0,
1771381788004,354,0,
1771381788008,353,0,
1771381788012,354,0,
1771381788016,356,0,
1771381788024,356,0,
1771381788028,356,0,
1771381788032,358,0,
1771381788040,356,0,
1771381788045,356,0,
1771381788049,358,0,
1771381788053,359,0,
1771381788061,356,0,
1771381788065,355,0,
1771381788069,357,0,
1771381788073,355,0,
1771381788081,355,0,
1771381788086,356,0,
1771381788090,355,0,
1771381788094,355,0,
1771381788102,356,0,
1771381788107,355,0,
1771381788110,355,0,
1771381788118,355,0,
1771381788122,355,0,
1771381788126,354,0,
1771381788131,354,0,
1771381788139,356,0,
1771381788143,354,0,
1771381788147,355,0,
1771381788151,357,0,
1771381788159,354,0,
1771381788163,352,0,
1771381788167,354,0,
1771381788176,352,0,
1771381788180,352,0,
1771381788184,352,0,
1771381788188,351,0,
1771381788196,351,0,
1771381788200,351,0,
1771381788204,347,0,
1771381788208,347,0,
1771381788217,348,0,
1771381788221,349,0,
1771381788225,346,0,
1771381788229,343,0,
1771381788237,339,0,
1771381788241,330,0,
1771381788245,318,0,
1771381788253,316,0,
1771381788257,320,0,
1771381788262,324,0,
1771381788266,330,0,
1771381788274,332,0,
1771381788278,333,0,
1771381788282,337,0,
1771381788286,342,0,
1771381788294,343,0,
1771381788298,345,0,
1771381788303,346,0,
1771381788311,343,0,
1771381788315,343,0,
1771381788319,346,0,
1771381788323,345,0,
1771381788331,345,0,
1771381788335,345,0,
1771381788339,345,0,
1771381788344,346,0,
1771381788352,346,0,
1771381788356,345,0,
1771381788360,343,0,
1771381788364,351,0,
1771381788372,363,0,
1771381788376,363,0,
1771381788380,341,0,
1771381788389,292,0,
1771381788393,208,0,
1771381788397,83,0,
1771381788401,0,0,
1771381788401,0,0,
1771381788405,0,0,
1771381788409,0,0,
1771381788413,55,0,
1771381788417,185,0,
1771381788421,326,0,
1771381788429,374,0,
1771381788434,363,0,
1771381788438,352,0,
1771381788446,356,0,
1771381788450,366,0,
1771381788454,373,0,
1771381788458,372,0,
1771381788466,373,0,
1771381788471,374,0,
1771381788475,370,0,
1771381788479,370,0,
1771381788487,371,0,
1771381788491,368,0,
1771381788495,365,0,
1771381788499,364,0,
1771381788507,361,0,
1771381788511,358,0,
1771381788516,358,0,
1771381788524,356,0,
1771381788528,353,0,
1771381788532,351,0,
1771381788536,351,0,
1771381788544,345,0,
1771381788548,341,0,
1771381788552,340,0,
1771381788556,333,0,
1771381788565,329,0,
1771381788569,326,0,
1771381788573,319,0,
1771381788581,316,0,
1771381788585,311,0,
1771381788589,305,0,
1771381788593,301,0,
1771381788601,298,0,
1771381788606,294,0,
1771381788610,292,0,
1771381788614,291,0,
1771381788622,290,0,
1771381788626,285,0,
1771381788630,283,0,
1771381788638,284,0,
1771381788643,282,0,
1771381788647,281,0,
1771381788651,284,0,
1771381788659,286,0,
1771381788663,290,0,
1771381788667,297,0,
1771381788671,302,0,
1771381788679,307,0,
1771381788683,316,0,
1771381788688,321,0,
1771381788692,326,0,
1771381788700,332,0,
1771381788704,338,0,
1771381788708,340,0,
1771381788716,342,0,
1771381788720,347,0,
1771381788724,347,0,
1771381788728,348,0,
1771381788737,351,0,
1771381788741,350,0,
1771381788745,349,0,
1771381788749,352,0,
1771381788757,351,0,
1771381788761,351,0,
1771381788765,352,0,
1771381788774,350,0,
1771381788778,349,0,
1771381788782,351,0,
1771381788786,352,0,
1771381788794,350,0,
1771381788798,348,0,
1771381788802,351,0,
1771381788806,349,0,
1771381788814,351,0,
1771381788819,352,0,
1771381788823,351,0,
1771381788827,352,0,
1771381788835,352,0,
1771381788839,350,0,
1771381788843,349,0,
1771381788851,351,0,
1771381788855,352,0,
1771381788860,350,0,
1771381788864,349,0,
1771381788872,351,0,
1771381788876,349,0,
1771381788880,350,0,
1771381788884,350,0,
1771381788892,348,0,
1771381788896,348,0,
1771381788901,351,0,
1771381788909,350,0,
1771381788913,348,0,
1771381788917,348,0,
1771381788921,347,0,
1771381788929,347,0,
1771381788933,349,0,
1771381788937,344,0,
1771381788941,337,0,
1771381788950,331,0,
1771381788954,324,0,
1771381788958,320,0,
1771381788962,326,0,
1771381788970,332,0,
1771381788974,332,0,
1771381788978,334,0,
1771381788986,339,0,
1771381788991,341,0,
1771381788995,345,0,
1771381788999,349,0,
1771381789007,348,0,
1771381789011,349,0,
1771381789015,349,0,
1771381789019,350,0,
1771381789027,347,0,
1771381789032,347,0,
1771381789036,349,0,
1771381789044,347,0,
1771381789048,348,0,
1771381789052,349,0,
1771381789056,349,0,
1771381789064,347,0,
1771381789068,349,0,
1771381789073,356,0,
1771381789077,363,0,
1771381789085,358,0,
1771381789089,324,0,
1771381789093,264,0,
1771381789097,170,0,
1771381789105,47,0,
1771381789105,0,0,
1771381789109,0,0,
1771381789113,0,0,
1771381789118,48,0,
1771381789122,163,0,
1771381789126,310,0,
1771381789134,382,0,
1771381789138,377,0,
1771381789142,361,0,
1771381789146,362,0,
1771381789154,371,0,
1771381789159,375,0,
1771381789163,379,0,
1771381789171,381,0,
1771381789175,380,0,
1771381789179,378,0,
1771381789183,380,0,
1771381789191,376,0,
1771381789195,373,0,
1771381789200,375,0,
1771381789204,372,0,
1771381789212,370,0,
1771381789216,370,0,
1771381789220,367,0,
1771381789224,365,0,
1771381789232,365,0,
1771381789236,361,0,
1771381789240,358,0,
1771381789249,356,0,
1771381789253,352,0,
1771381789257,348,0,
1771381789261,345,0,
1771381789269,343,0,
1771381789273,337,0,
1771381789277,331,0,
1771381789281,329,0,
1771381789290,322,0,
1771381789294,318,0,
1771381789298,315,0,
1771381789306,311,0,
1771381789310,308,0,
1771381789314,306,0,
1771381789318,303,0,
1771381789326,300,0,
1771381789331,298,0,
1771381789335,297,0,
1771381789339,294,0,
1771381789347,294,0,
1771381789351,295,0,
1771381789355,294,0,
1771381789359,295,0,
1771381789367,301,0,
1771381789372,305,0,
1771381789376,309,0,
1771381789384,317,0,
1771381789388,324,0,
1771381789392,328,0,
1771381789396,336,0,
1771381789404,343,0,
1771381789408,347,0,
1771381789412,350,0,
1771381789417,352,0,
1771381789425,354,0,
1771381789429,356,0,
1771381789433,359,0,
1771381789441,356,0,
1771381789445,356,0,
1771381789449,359,0,
1771381789453,358,0,
1771381789462,358,0,
1771381789466,359,0,
1771381789470,358,0,
1771381789474,357,0,
1771381789482,358,0,
1771381789486,358,0,
1771381789490,356,0,
1771381789494,357,0,
1771381789503,358,0,
1771381789507,356,0,
1771381789511,355,0,
1771381789519,359,0,
1771381789523,357,0,
1771381789528,356,0,
1771381789531,359,0,
1771381789539,358,0,
1771381789544,357,0,
1771381789548,359,0,
1771381789552,358,0,
1771381789560,357,0,
1771381789564,358,0,
1771381789568,358,0,
1771381789576,357,0,
1771381789580,358,0,
1771381789585,361,0,
1771381789589,358,0,
1771381789597,356,0,
1771381789601,359,0,
1771381789605,357,0,
1771381789609,354,0,
1771381789617,355,0,
1771381789621,354,0,
1771381789625,352,0,
1771381789634,353,0,
1771381789638,351,0,
1771381789642,345,0,
1771381789646,339,0,
1771381789654,330,0,
1771381789658,325,0,
1771381789662,329,0,
1771381789666,336,0,
1771381789675,338,0,
1771381789679,337,0,
1771381789683,343,0,
1771381789687,343,0,
1771381789695,347,0,
1771381789699,353,0,
1771381789703,353,0,
1771381789711,352,0,
1771381789716,354,0,
1771381789720,354,0,
1771381789724,353,0,
1771381789732,353,0,
1771381789736,354,0,
1771381789740,353,0,
1771381789745,353,0,
1771381789752,355,0,
1771381789756,352,0,
1771381789761,351,0,
1771381789769,354,0,
1771381789773,358,0,
1771381789777,365,0,
1771381789781,367,0,
1771381789789,343,0,
1771381789793,292,0,
1771381789797,208,0,
1771381789802,76,0,
1771381789806,0,0,
1771381789810,0,0,
1771381789810,0,0,
1771381789814,0,0,
1771381789818,21,0,
1771381789822,145,0,
1771381789830,309,0,
1771381789834,376,0,
1771381789838,368,0,
1771381789847,362,0,
1771381789851,371,0,
1771381789855,378,0,
1771381789859,383,0,
1771381789867,388,0,
1771381789871,387,0,
1771381789875,386,0,
1771381789879,386,0,
1771381789888,386,0,
1771381789892,383,0,
1771381789896,383,0,
1771381789904,382,0,
1771381789908,379,0,
1771381789912,377,0,
1771381789916,379,0,
1771381789924,374,0,
1771381789929,370,0,
1771381789933,370,0,
1771381789937,366,0,
1771381789945,363,0,
1771381789949,361,0,
1771381789953,357,0,
1771381789957,353,0,
1771381789965,351,0,
1771381789969,346,0,
1771381789974,341,0,
1771381789982,337,0,
1771381789986,332,0,
1771381789990,327,0,
1771381789994,322,0,
1771381790002,321,0,
1771381790006,316,0,
1771381790010,312,0,
1771381790015,312,0,
1771381790023,309,0,
1771381790027,306,0,
1771381790031,307,0,
1771381790039,307,0,
1771381790043,304,0,
1771381790048,304,0,
1771381790051,304,0,
1771381790060,303,0,
1771381790064,306,0,
1771381790068,308,0,
1771381790072,312,0,
1771381790080,317,0,
1771381790084,323,0,
1771381790088,325,0,
1771381790096,328,0,
1771381790101,336,0,
1771381790105,339,0,
1771381790109,342,0,
1771381790117,346,0,
1771381790121,349,0,
1771381790125,348,0,
1771381790129,350,0,
1771381790137,352,0,
1771381790142,352,0,
1771381790146,354,0,
1771381790150,356,0,
1771381790158,353,0,
1771381790162,352,0,
1771381790166,355,0,
1771381790174,354,0,
1771381790178,354,0,
1771381790182,356,0,
1771381790187,355,0,
1771381790195,353,0,
1771381790199,354,0,
1771381790203,354,0,
1771381790207,354,0,
1771381790215,353,0,
1771381790219,353,0,
1771381790223,353,0,
1771381790232,354,0,
1771381790236,356,0,
1771381790240,353,0,
1771381790244,350,0,
1771381790252,354,0,
1771381790256,353,0,
1771381790260,352,0,
1771381790264,353,0,
1771381790273,353,0,
1771381790277,352,0,
1771381790281,353,0,
1771381790285,352,0,
1771381790294,351,0,
1771381790297,352,0,
1771381790301,352,0,
1771381790310,350,0,
1771381790314,351,0,
1771381790318,353,0,
1771381790322,349,0,
1771381790330,346,0,
1771381790334,349,0,
1771381790338,347,0,
1771381790342,346,0,
1771381790350,346,0,
1771381790355,341,0,
1771381790359,331,0,
1771381790367,322,0,
1771381790371,318,0,
1771381790375,321,0,
1771381790379,327,0,
1771381790387,332,0,
1771381790391,331,0,
1771381790395,334,0,
1771381790400,340,0,
1771381790408,343,0,
1771381790412,344,0,
1771381790416,349,0,
1771381790420,348,0,
1771381790428,347,0,
1771381790432,348,0,
1771381790436,347,0,
1771381790445,348,0,
1771381790449,349,0,
1771381790453,348,0,
1771381790457,347,0,
1771381790465,349,0,
1771381790469,350,0,
1771381790474,349,0,
1771381790478,349,0,
1771381790486,358,0,
1771381790490,365,0,
1771381790494,363,0,
1771381790503,341,0,
1771381790506,286,0,
1771381790510,194,0,
1771381790514,57,0,
1771381790518,0,0,
1771381790522,0,0,
1771381790522,0,0,
1771381790526,0,0,
1771381790531,20,0,
1771381790535,150,0,
1771381790543,314,0,
1771381790547,373,0,
1771381790551,366,0,
1771381790555,362,0,
1771381790563,368,0,
1771381790567,379,0,
1771381790572,382,0,
1771381790580,383,0,
1771381790584,385,0,
1771381790588,384,0,
1771381790592,382,0,
1771381790600,383,0,
1771381790604,383,0,
1771381790608,379,0,
1771381790613,378,0,
1771381790621,376,0,
1771381790625,373,0,
1771381790629,371,0,
1771381790638,370,0,
1771381790641,367,0,
1771381790645,364,0,
1771381790649,364,0,
1771381790658,359,0,
1771381790662,355,0,
1771381790666,353,0,
1771381790670,348,0,
1771381790678,343,0,
1771381790682,340,0,
1771381790686,336,0,
1771381790694,331,0,
1771381790699,327,0,
1771381790703,323,0,
1771381790707,318,0,
1771381790715,314,0,
1771381790719,313,0,
1771381790723,307,0,
1771381790727,303,0,
1771381790735,305,0,
1771381790739,302,0,
1771381790744,298,0,
1771381790748,299,0,
1771381790756,298,0,
1771381790760,296,0,
1771381790764,297,0,
1771381790772,297,0,
1771381790776,299,0,
1771381790780,303,0,
1771381790785,309,0,
1771381790793,313,0,
1771381790797,318,0,
1771381790801,326,0,
1771381790805,328,0,
1771381790813,333,0,
1771381790817,340,0,
1771381790822,343,0,
1771381790830,344,0,
1771381790834,350,0,
1771381790838,349,0,
1771381790842,351,0,
1771381790850,352,0,
1771381790854,352,0,
1771381790858,352,0,
1771381790862,354,0,
1771381790871,354,0,
1771381790875,354,0,
1771381790879,355,0,
1771381790883,357,0,
1771381790891,354,0,
1771381790895,353,0,
1771381790899,356,0,
1771381790907,355,0,
1771381790911,353,0,
1771381790916,354,0,
1771381790920,355,0,
1771381790928,355,0,
1771381790932,354,0,
1771381790936,354,0,
1771381790940,354,0,
1771381790948,355,0,
1771381790952,354,0,
1771381790957,353,0,
1771381790965,354,0,
1771381790969,357,0,
1771381790973,354,0,
1771381790977,353,0,
1771381790985,355,0,
1771381790989,353,0,
1771381790993,352,0,
1771381790997,354,0,
1771381791006,353,0,
1771381791010,353,0,
1771381791014,353,0,
1771381791018,353,0,
1771381791026,352,0,
1771381791030,353,0,
1771381791034,351,0,
1771381791042,350,0,
1771381791047,350,0,
1771381791051,350,0,
1771381791055,345,0,
1771381791063,345,0,
1771381791067,347,0,
1771381791071,347,0,
1771381791075,345,0,
1771381791084,343,0,
1771381791088,336,0,
1771381791092,321,0,
1771381791100,317,0,
1771381791104,320,0,
1771381791108,324,0,
1771381791112,330,0,
1771381791120,332,0,
1771381791124,334,0,
1771381791129,336,0,
1771381791133,343,0,
1771381791141,344,0,
1771381791145,345,0,
1771381791149,347,0,
1771381791157,347,0,
1771381791161,347,0,
1771381791165,348,0,
1771381791170,347,0,
1771381791178,346,0,
1771381791182,347,0,
1771381791186,349,0,
1771381791190,348,0,
1771381791198,348,0,
1771381791202,347,0,
1771381791206,347,0,
1771381791210,350,0,
1771381791219,363,0,
1771381791223,365,0,
1771381791227,344,0,
1771381791235,297,0,
1771381791239,215,0,
1771381791243,85,0,
1771381791247,0,0,
1771381791247,0,0,
1771381791251,0,0,
1771381791255,0,0,
1771381791260,24,0,
1771381791264,149,0,
1771381791268,311,0,
1771381791276,373,0,
1771381791280,366,0,
1771381791284,360,0,
1771381791292,364,0,
1771381791296,371,0,
1771381791301,379,0,
1771381791305,379,0,
1771381791313,378,0,
1771381791317,379,0,
1771381791321,379,0,
1771381791325,377,0,
1771381791333,376,0,
1771381791337,375,0,
1771381791342,373,0,
1771381791346,372,0,
1771381791354,370,0,
1771381791358,367,0,
1771381791362,365,0,
1771381791370,364,0,
1771381791374,359,0,
1771381791378,356,0,
1771381791382,356,0,
1771381791391,351,0,
1771381791395,347,0,
1771381791399,345,0,
1771381791403,339,0,
1771381791411,334,0,
1771381791416,330,0,
1771381791419,326,0,
1771381791428,321,0,
1771381791432,317,0,
1771381791436,313,0,
1771381791440,309,0,
1771381791448,305,0,
1771381791452,303,0,
1771381791456,297,0,
1771381791460,293,0,
1771381791468,294,0,
1771381791473,291,0,
1771381791477,288,0,
1771381791481,289,0,
1771381791489,288,0,
1771381791493,286,0,
1771381791497,288,0,
1771381791505,292,0,
1771381791509,293,0,
1771381791514,300,0,
1771381791518,305,0,
1771381791526,309,0,
1771381791530,316,0,
1771381791534,325,0,
1771381791538,328,0,
1771381791546,331,0,
1771381791550,338,0,
1771381791554,339,0,
1771381791563,342,0,
1771381791567,346,0,
1771381791571,347,0,
1771381791575,347,0,
1771381791583,348,0,
1771381791587,349,0,
1771381791591,349,0,
1771381791595,350,0,
1771381791604,351,0,
1771381791608,352,0,
1771381791612,352,0,
1771381791616,354,0,
1771381791624,353,0,
1771381791628,352,0,
1771381791632,354,0,
1771381791640,353,0,
1771381791645,351,0,
1771381791649,354,0,
1771381791653,353,0,
1771381791661,351,0,
1771381791665,353,0,
1771381791669,353,0,
1771381791673,352,0,
1771381791681,353,0,
1771381791685,352,0,
1771381791690,351,0,
1771381791698,350,0,
1771381791702,354,0,
1771381791706,351,0,
1771381791710,350,0,
1771381791718,352,0,
1771381791722,351,0,
1771381791726,350,0,
1771381791731,352,0,
1771381791739,351,0,
1771381791743,349,0,
1771381791747,349,0,
1771381791755,349,0,
1771381791759,347,0,
1771381791763,349,0,
1771381791767,348,0,
1771381791776,345,0,
1771381791780,345,0,
1771381791784,347,0,
1771381791788,343,0,
1771381791796,343,0,
1771381791800,345,0,
1771381791804,344,0,
1771381791808,341,0,
1771381791817,338,0,
1771381791821,332,0,
1771381791825,323,0,
1771381791833,316,0,
1771381791837,319,0,
1771381791841,323,0,
1771381791845,327,0,
1771381791853,331,0,
1771381791858,330,0,
1771381791862,332,0,
1771381791866,338,0,
1771381791874,340,0,
1771381791878,341,0,
1771381791882,344,0,
1771381791890,342,0,
1771381791894,340,0,
1771381791898,341,0,
1771381791903,343,0,
1771381791911,341,0,
1771381791915,343,0,
1771381791919,344,0,
1771381791923,343,0,
1771381791931,342,0,
1771381791935,345,0,
1771381791939,342,0,
1771381791944,343,0,
1771381791952,357,0,
1771381791956,361,0,
1771381791961,344,0,
1771381791968,301,0,
1771381791972,230,0,
1771381791976,117,0,
1771381791980,0,0,
1771381791985,0,0,
1771381791985,0,0,
1771381791989,4,0,
1771381791993,60,0,
1771381791997,185,0,
1771381792005,326,0,
1771381792009,378,0,
1771381792013,371,0,
1771381792021,356,0,
1771381792025,358,0,
1771381792030,364,0,
1771381792034,372,0,
1771381792042,375,0,
1771381792046,374,0,
1771381792050,376,0,
1771381792054,375,0,
1771381792062,373,0,
1771381792066,374,0,
1771381792070,372,0,
1771381792075,369,0,
1771381792083,368,0,
1771381792087,367,0,
1771381792091,364,0,
1771381792099,363,0,
1771381792103,360,0,
1771381792107,359,0,
1771381792111,356,0,
1771381792120,353,0,
1771381792124,349,0,
1771381792128,345,0,
1771381792132,343,0,
1771381792140,339,0,
1771381792144,334,0,
1771381792148,331,0,
1771381792157,325,0,
1771381792161,319,0,
1771381792165,316,0,
1771381792169,312,0,
1771381792177,307,0,
1771381792181,305,0,
1771381792185,301,0,
1771381792189,299,0,
1771381792198,295,0,
1771381792202,293,0,
1771381792206,291,0,
1771381792210,289,0,
1771381792218,288,0,
1771381792222,286,0,
1771381792226,284,0,
1771381792234,286,0,
1771381792238,288,0,
1771381792242,292,0,
1771381792247,297,0,
1771381792255,305,0,
1771381792259,311,0,
1771381792263,319,0,
1771381792267,325,0,
1771381792275,333,0,
1771381792279,338,0,
1771381792284,343,0,
1771381792292,348,0,
1771381792296,350,0,
1771381792300,353,0,
1771381792304,354,0,
1771381792312,354,0,
1771381792316,356,0,
1771381792320,356,0,
1771381792324,354,0,
1771381792333,356,0,
1771381792337,357,0,
1771381792341,357,0,
1771381792345,356,0,
1771381792353,356,0,
1771381792357,357,0,
1771381792362,356,0,
1771381792370,356,0,
1771381792374,357,0,
1771381792378,356,0,
1771381792382,357,0,
1771381792390,356,0,
1771381792394,356,0,
1771381792398,357,0,
1771381792402,358,0,
1771381792410,357,0,
1771381792415,358,0,
1771381792419,357,0,
1771381792427,357,0,
1771381792431,357,0,
1771381792435,357,0,
1771381792439,357,0,
1771381792447,357,0,
1771381792451,357,0,
1771381792456,356,0,
1771381792460,355,0,
1771381792468,355,0,
1771381792472,355,0,
1771381792476,354,0,
1771381792484,355,0,
1771381792488,356,0,
1771381792492,354,0,
1771381792496,355,0,
1771381792505,355,0,
1771381792509,353,0,
1771381792513,351,0,
1771381792517,352,0,
1771381792525,351,0,
1771381792529,350,0,
1771381792533,348,0,
1771381792537,344,0,
1771381792546,336,0,
1771381792550,328,0,
1771381792554,326,0,
1771381792562,329,0,
1771381792566,334,0,
1771381792570,336,0,
1771381792574,336,0,
1771381792582,340,0,
1771381792587,344,0,
1771381792591,348,0,
1771381792595,349,0,
1771381792603,352,0,
1771381792607,353,0,
1771381792611,351,0,
1771381792619,353,0,
1771381792623,352,0,
1771381792628,351,0,
1771381792632,352,0,
1771381792640,353,0,
1771381792644,353,0,
1771381792648,353,0,
1771381792652,353,0,
1771381792660,351,0,
1771381792664,353,0,
1771381792668,362,0,
1771381792673,369,0,
1771381792681,361,0,
1771381792685,328,0,
1771381792689,270,0,
1771381792697,170,0,
1771381792701,38,0,
1771381792701,0,0,
1771381792705,0,0,
1771381792710,0,0,
1771381792714,22,0,
1771381792718,137,0,
1771381792722,296,0,
1771381792730,375,0,
1771381792734,373,0,
1771381792738,362,0,
1771381792742,366,0,
1771381792751,376,0,
1771381792754,383,0,
1771381792759,383,0,
1771381792767,384,0,
1771381792771,386,0,
1771381792775,384,0,
1771381792779,385,0,
1771381792787,385,0,
1771381792791,382,0,
1771381792795,380,0,
1771381792800,379,0,
1771381792808,377,0,
1771381792812,376,0,
1771381792816,375,0,
1771381792824,371,0,
1771381792828,370,0,
1771381792832,367,0,
1771381792836,365,0,
1771381792845,360,0,
1771381792849,357,0,
1771381792853,355,0,
1771381792857,350,0,
1771381792865,347,0,
1771381792869,343,0,
1771381792873,338,0,
1771381792881,335,0,
1771381792886,331,0,
1771381792890,325,0,
1771381792894,320,0,
1771381792902,318,0,
1771381792906,316,0,
1771381792910,312,0,
1771381792914,309,0,
1771381792922,309,0,
1771381792926,306,0,
1771381792931,305,0,
1771381792935,305,0,
1771381792943,303,0,
1771381792947,302,0,
1771381792951,302,0,
1771381792959,302,0,
1771381792963,305,0,
1771381792967,310,0,
1771381792972,314,0,
1771381792980,319,0,
1771381792984,326,0,
1771381792988,331,0,
1771381792992,334,0,
1771381793000,340,0,
1771381793004,345,0,
1771381793008,346,0,
1771381793017,350,0,
1771381793021,353,0,
1771381793025,353,0,
1771381793029,354,0,
1771381793037,356,0,
1771381793041,356,0,
1771381793045,356,0,
1771381793049,358,0,
1771381793058,357,0,
1771381793062,357,0,
1771381793066,359,0,
1771381793070,359,0,
1771381793078,357,0,
1771381793082,357,0,
1771381793086,358,0,
1771381793094,357,0,
1771381793099,356,0,
1771381793103,356,0,
1771381793107,356,0,
1771381793115,357,0,
1771381793119,358,0,
1771381793123,355,0,
1771381793127,355,0,
1771381793135,357,0,
1771381793139,356,0,
1771381793144,355,0,
1771381793152,357,0,
1771381793156,358,0,
1771381793160,354,0,
1771381793164,355,0,
1771381793172,356,0,
1771381793176,354,0,
1771381793180,354,0,
1771381793185,356,0,
1771381793193,354,0,
1771381793197,355,0,
1771381793201,355,0,
1771381793205,352,0,
1771381793213,352,0,
1771381793217,355,0,
1771381793221,352,0,
1771381793230,350,0,
1771381793234,351,0,
1771381793238,350,0,
1771381793242,347,0,
1771381793250,346,0,
1771381793254,348,0,
1771381793258,345,0,
1771381793263,341,0,
1771381793271,336,0,
1771381793275,325,0,
1771381793279,319,0,
1771381793287,322,0,
1771381793291,327,0,
1771381793295,329,0,
1771381793299,333,0,
1771381793307,334,0,
1771381793312,336,0,
1771381793316,340,0,
1771381793320,346,0,
1771381793328,346,0,
1771381793332,347,0,
1771381793336,348,0,
1771381793340,346,0,
1771381793348,346,0,
1771381793352,347,0,
1771381793357,347,0,
1771381793365,346,0,
1771381793369,347,0,
1771381793373,348,0,
1771381793377,347,0,
1771381793385,349,0,
1771381793389,348,0,
1771381793393,352,0,
1771381793398,362,0,
1771381793406,366,0,
1771381793410,343,0,
1771381793414,294,0,
1771381793422,213,0,
1771381793426,82,0,
1771381793426,0,0,
1771381793430,0,0,
1771381793434,0,0,
1771381793438,0,0,
1771381793443,12,0,
1771381793447,131,0,
1771381793451,300,0,
1771381793455,371,0,
1771381793463,367,0,
1771381793467,360,0,
1771381793471,364,0,
1771381793479,371,0,
1771381793484,378,0,
1771381793488,382,0,
1771381793492,382,0,
1771381793500,381,0,
1771381793504,382,0,
1771381793508,380,0,
1771381793512,379,0,
1771381793520,380,0,
1771381793524,376,0,
1771381793529,374,0,
1771381793533,372,0,
1771381793541,371,0,
1771381793545,368,0,
1771381793549,368,0,
1771381793557,367,0,
1771381793561,361,0,
1771381793565,358,0,
1771381793570,357,0,
1771381793578,353,0,
1771381793582,348,0,
1771381793586,346,0,
1771381793590,340,0,
1771381793598,337,0,
1771381793602,332,0,
1771381793606,325,0,
1771381793615,321,0,
1771381793619,318,0,
1771381793623,313,0,
1771381793627,310,0,
1771381793635,307,0,
1771381793639,306,0,
1771381793643,302,0,
1771381793647,299,0,
1771381793656,300,0,
1771381793660,296,0,
1771381793664,296,0,
1771381793668,296,0,
1771381793676,293,0,
1771381793680,293,0,
1771381793684,297,0,
1771381793692,300,0,
1771381793697,304,0,
1771381793701,311,0,
1771381793705,316,0,
1771381793713,320,0,
1771381793717,327,0,
1771381793721,332,0,
1771381793725,334,0,
1771381793733,338,0,
1771381793737,344,0,
1771381793742,345,0,
1771381793750,348,0,
1771381793754,350,0,
1771381793758,350,0,
1771381793762,350,0,
1771381793770,352,0,
1771381793774,352,0,
1771381793778,352,0,
1771381793783,354,0,
1771381793791,353,0,
1771381793795,354,0,
1771381793799,355,0,
1771381793803,357,0,
1771381793811,355,0,
1771381793815,354,0,
1771381793819,356,0,
1771381793828,354,0,
1771381793832,354,0,
1771381793836,355,0,
1771381793840,353,0,
1771381793848,354,0,
1771381793852,355,0,
1771381793856,354,0,
1771381793860,354,0,
1771381793869,355,0,
1771381793873,354,0,
1771381793877,354,0,
1771381793885,355,0,
1771381793889,355,0,
1771381793893,353,0,
1771381793897,352,0,
1771381793905,354,0,
1771381793909,352,0,
1771381793914,353,0,
1771381793918,353,0,
1771381793926,352,0,
1771381793930,352,0,
1771381793934,352,0,
1771381793942,351,0,
1771381793946,351,0,
1771381793951,351,0,
1771381793955,349,0,
1771381793963,350,0,
1771381793967,349,0,
1771381793971,348,0,
1771381793975,345,0,
1771381793983,345,0,
1771381793987,347,0,
1771381793991,345,0,
1771381793996,341,0,
1771381794004,336,0,
1771381794008,323,0,
1771381794012,314,0,
1771381794020,319,0,
1771381794024,324,0,
1771381794028,329,0,
1771381794032,331,0,
1771381794041,333,0,
1771381794045,336,0,
1771381794049,342,0,
1771381794053,346,0,
1771381794061,345,0,
1771381794065,346,0,
1771381794069,348,0,
1771381794077,347,0,
1771381794082,348,0,
1771381794086,349,0,
1771381794090,347,0,
1771381794098,347,0,
1771381794102,349,0,
1771381794106,347,0,
1771381794110,347,0,
1771381794118,350,0,
1771381794123,350,0,
1771381794127,350,0,
1771381794131,360,0,
1771381794139,366,0,
1771381794143,347,0,
1771381794147,300,0,
1771381794155,225,0,
1771381794159,99,0,
1771381794159,0,0,
1771381794163,0,0,
1771381794167,0,0,
1771381794172,0,0,
1771381794176,15,0,
1771381794180,134,0,
1771381794184,302,0,
1771381794188,373,0,
1771381794196,367,0,
1771381794200,358,0,
1771381794205,364,0,
1771381794213,370,0,
1771381794217,377,0,
1771381794221,381,0,
1771381794225,379,0,
1771381794233,380,0,
1771381794237,381,0,
1771381794241,378,0,
1771381794245,377,0,
1771381794254,378,0,
1771381794258,375,0,
1771381794262,372,0,
1771381794266,370,0,
1771381794274,368,0,
1771381794278,365,0,
1771381794282,363,0,
1771381794290,363,0,
1771381794294,358,0,
1771381794299,355,0,
1771381794303,354,0,
1771381794311,348,0,
1771381794315,345,0,
1771381794319,342,0,
1771381794323,335,0,
1771381794331,332,0,
1771381794335,327,0,
1771381794339,322,0,
1771381794348,319,0,
1771381794352,316,0,
1771381794356,310,0,
1771381794360,305,0,
1771381794368,303,0,
1771381794372,301,0,
1771381794376,297,0,
1771381794380,294,0,
1771381794389,292,0,
1771381794393,289,0,
1771381794397,289,0,
1771381794401,289,0,
1771381794409,287,0,
1771381794413,288,0,
1771381794417,292,0,
1771381794425,296,0,
1771381794430,301,0,
1771381794434,308,0,
1771381794438,313,0,
1771381794446,318,0,
1771381794450,326,0,
1771381794454,333,0,
1771381794458,335,0,
1771381794467,339,0,
1771381794471,345,0,
1771381794475,346,0,
1771381794483,348,0,
1771381794487,351,0,
1771381794491,351,0,
1771381794495,352,0,
1771381794503,354,0,
1771381794507,354,0,
1771381794512,355,0,
1771381794516,356,0,
1771381794524,355,0,
1771381794528,356,0,
1771381794532,357,0,
1771381794540,357,0,
1771381794544,355,0,
1771381794548,355,0,
1771381794553,357,0,
1771381794561,356,0,
1771381794565,356,0,
1771381794569,357,0,
1771381794573,355,0,
1771381794581,355,0,
1771381794585,356,0,
1771381794589,355,0,
1771381794593,354,0,
1771381794602,356,0,
1771381794606,354,0,
1771381794610,353,0,
1771381794618,353,0,
1771381794622,356,0,
1771381794626,355,0,
1771381794630,353,0,
1771381794638,355,0,
1771381794643,354,0,
1771381794647,354,0,
1771381794651,354,0,
1771381794659,352,0,
1771381794663,352,0,
1771381794667,353,0,
1771381794675,351,0,
1771381794679,351,0,
1771381794684,353,0,
1771381794688,352,0,
1771381794696,350,0,
1771381794700,350,0,
1771381794704,350,0,
1771381794708,345,0,
1771381794716,345,0,
1771381794720,346,0,
1771381794725,347,0,
1771381794729,343,0,
1771381794737,340,0,
1771381794741,332,0,
1771381794745,320,0,
1771381794753,317,0,
1771381794757,320,0,
1771381794761,326,0,
1771381794765,330,0,
1771381794774,333,0,
1771381794778,331,0,
1771381794782,334,0,
1771381794786,341,0,
1771381794794,342,0,
1771381794798,343,0,
1771381794802,344,0,
1771381794811,343,0,
1771381794815,343,0,
1771381794819,345,0,
1771381794823,343,0,
1771381794831,343,0,
1771381794835,344,0,
1771381794839,344,0,
1771381794843,344,0,
1771381794851,344,0,
1771381794856,345,0,
1771381794860,342,0,
1771381794864,348,0,
1771381794872,362,0,
1771381794876,364,0,
1771381794880,341,0,
1771381794888,290,0,
1771381794892,207,0,
1771381794896,80,0,
1771381794901,0,0,
1771381794901,0,0,
1771381794905,0,0,
1771381794909,5,0,
1771381794913,66,0,
1771381794917,196,0,
1771381794921,332,0,
1771381794929,376,0,
1771381794933,363,0,
1771381794937,353,0,
1771381794946,355,0,
1771381794950,363,0,
1771381794954,370,0,
1771381794958,372,0,
1771381794966,373,0,
1771381794970,373,0,
1771381794974,371,0,
1771381794978,369,0,
1771381794987,369,0,
1771381794991,367,0,
1771381794995,365,0,
1771381795003,364,0,
1771381795007,362,0,
1771381795011,360,0,
1771381795015,359,0,
1771381795023,358,0,
1771381795028,353,0,
1771381795032,350,0,
1771381795036,349,0,
1771381795044,344,0,
1771381795048,341,0,
1771381795052,339,0,
1771381795056,333,0,
1771381795064,329,0,
1771381795069,325,0,
1771381795073,319,0,
1771381795081,314,0,
1771381795085,312,0,
1771381795089,306,0,
1771381795093,301,0,
1771381795101,299,0,
1771381795105,297,0,
1771381795109,292,0,
1771381795114,290,0,
1771381795122,288,0,
1771381795126,285,0,
1771381795130,284,0,
1771381795138,283,0,
1771381795142,281,0,
1771381795146,281,0,
1771381795150,283,0,
1771381795159,286,0,
1771381795163,289,0,
1771381795167,298,0,
1771381795171,302,0,
1771381795179,309,0,
1771381795183,315,0,
1771381795187,323,0,
1771381795191,327,0,
1771381795200,332,0,
1771381795204,338,0,
1771381795208,341,0,
1771381795216,344,0,
1771381795220,348,0,
1771381795224,348,0,
1771381795228,349,0,
1771381795236,351,0,
1771381795240,350,0,
1771381795245,350,0,
1771381795249,352,0,
1771381795257,351,0,
1771381795261,350,0,
1771381795265,351,0,
1771381795273,353,0,
1771381795277,351,0,
1771381795282,353,0,
1771381795286,354,0,
1771381795294,352,0,
1771381795298,352,0,
1771381795302,354,0,
1771381795306,352,0,
1771381795314,352,0,
1771381795318,352,0,
1771381795322,352,0,
1771381795327,353,0,
1771381795335,353,0,
1771381795339,354,0,
1771381795343,352,0,
1771381795351,352,0,
1771381795355,355,0,
1771381795359,352,0,
1771381795363,352,0,
1771381795372,353,0,
1771381795376,351,0,
1771381795380,352,0,
1771381795384,354,0,
1771381795392,351,0,
1771381795396,350,0,
1771381795400,352,0,
1771381795409,351,0,
1771381795413,350,0,
1771381795417,351,0,
1771381795422,351,0,
1771381795429,349,0,
1771381795433,347,0,
1771381795437,347,0,
1771381795441,346,0,
1771381795449,346,0,
1771381795453,346,0,
1771381795458,342,0,
1771381795462,338,0,
1771381795470,331,0,
1771381795474,322,0,
1771381795478,321,0,
1771381795486,326,0,
1771381795490,330,0,
1771381795494,332,0,
1771381795498,335,0,
1771381795507,338,0,
1771381795511,338,0,
1771381795515,342,0,
1771381795519,346,0,
1771381795527,345,0,
1771381795531,345,0,
1771381795535,347,0,
1771381795544,346,0,
1771381795548,347,0,
1771381795552,348,0,
1771381795556,346,0,
1771381795564,347,0,
1771381795568,349,0,
1771381795572,349,0,
1771381795576,348,0,
1771381795585,349,0,
1771381795589,351,0,
1771381795593,356,0,
1771381795601,362,0,
1771381795605,358,0,
1771381795609,321,0,
1771381795613,261,0,
1771381795621,165,0,
1771381795626,41,0,
1771381795626,0,0,
1771381795630,0,0,
1771381795634,5,0,
1771381795638,58,0,
1771381795642,177,0,
1771381795646,321,0,
1771381795654,382,0,
1771381795658,375,0,
1771381795662,361,0,
1771381795671,364,0,
1771381795675,369,0,
1771381795679,375,0,
1771381795683,381,0,
1771381795691,380,0,
1771381795695,378,0,
1771381795699,380,0,
1771381795703,379,0,
1771381795712,377,0,
1771381795716,377,0,
1771381795720,376,0,
1771381795724,373,0,
1771381795732,373,0,
1771381795736,371,0,
1771381795740,369,0,
1771381795748,367,0,
1771381795753,367,0,
1771381795757,362,0,
1771381795761,357,0,
1771381795769,358,0,
1771381795773,354,0,
1771381795777,350,0,
1771381795781,347,0,
1771381795789,343,0,
1771381795793,337,0,
1771381795798,333,0,
1771381795806,328,0,
1771381795810,323,0,
1771381795814,319,0,
1771381795818,317,0,
1771381795826,313,0,
1771381795830,310,0,
1771381795834,309,0,
1771381795838,303,0,
1771381795847,301,0,
1771381795851,301,0,
1771381795855,299,0,
1771381795859,297,0,
1771381795867,296,0,
1771381795871,295,0,
1771381795875,294,0,
1771381795884,298,0,
1771381795888,302,0,
1771381795892,306,0,
1771381795896,313,0,
1771381795904,316,0,
1771381795908,323,0,
1771381795912,330,0,
1771381795916,339,0,
1771381795925,342,0,
1771381795929,345,0,
1771381795933,351,0,
1771381795941,352,0,
1771381795945,354,0,
1771381795949,357,0,
1771381795953,358,0,
1771381795961,357,0,
1771381795965,359,0,
1771381795969,359,0,
1771381795974,359,0,
1771381795982,360,0,
1771381795986,360,0,
1771381795990,360,0,
1771381795998,358,0,
1771381796002,362,0,
1771381796006,359,0,
1771381796011,358,0,
1771381796019,360,0,
1771381796023,360,0,
1771381796027,359,0,
1771381796031,361,0,
1771381796039,359,0,
1771381796043,358,0,
1771381796047,359,0,
1771381796051,358,0,
1771381796060,358,0,
1771381796064,359,0,
1771381796068,361,0,
1771381796076,358,0,
1771381796080,356,0,
1771381796084,359,0,
1771381796088,357,0,
1771381796096,356,0,
1771381796101,358,0,
1771381796105,357,0,
1771381796109,356,0,
1771381796117,357,0,
1771381796121,358,0,
1771381796125,355,0,
1771381796133,357,0,
1771381796137,357,0,
1771381796142,355,0,
1771381796146,353,0,
1771381796154,354,0,
1771381796158,350,0,
1771381796162,349,0,
1771381796166,353,0,
1771381796174,348,0,
1771381796178,342,0,
1771381796183,337,0,
1771381796187,327,0,
1771381796195,324,0,
1771381796199,328,0,
1771381796203,333,0,
1771381796211,335,0,
1771381796215,337,0,
1771381796219,340,0,
1771381796223,342,0,
1771381796232,347,0,
1771381796236,352,0,
1771381796240,351,0,
1771381796244,350,0,
1771381796252,354,0,
1771381796256,352,0,
1771381796260,350,0,
1771381796269,352,0,
1771381796273,352,0,
1771381796277,352,0,
1771381796281,352,0,
1771381796289,352,0,
1771381796293,351,0,
1771381796297,352,0,
1771381796301,353,0,
1771381796309,358,0,
1771381796314,367,0,
1771381796318,368,0,
1771381796322,337,0,
1771381796330,282,0,
1771381796334,194,0,
1771381796338,56,0,
1771381796342,0,0,
1771381796346,0,0,
1771381796346,0,0,
1771381796350,0,0,
1771381796355,36,0,
1771381796359,168,0,
1771381796367,325,0,
1771381796371,375,0,
1771381796375,366,0,
1771381796379,363,0,
1771381796387,372,0,
1771381796391,379,0,
1771381796396,384,0,
1771381796404,388,0,
1771381796408,386,0,
1771381796412,385,0,
1771381796416,388,0,
1771381796424,386,0,
1771381796428,384,0,
1771381796432,384,0,
1771381796436,382,0,
1771381796445,379,0,
1771381796449,377,0,
1771381796453,375,0,
1771381796457,372,0,
1771381796465,371,0,
1771381796469,368,0,
1771381796473,365,0,
1771381796481,361,0,
1771381796486,361,0,
1771381796490,356,0,
1771381796494,351,0,
1771381796502,349,0,
1771381796506,343,0,
1771381796510,338,0,
1771381796514,335,0,
1771381796522,331,0,
1771381796527,326,0,
1771381796531,322,0,
1771381796539,319,0,
1771381796543,314,0,
1771381796547,312,0,
1771381796551,309,0,
1771381796560,308,0,
1771381796563,304,0,
1771381796568,305,0,
1771381796572,302,0,
1771381796580,302,0,
1771381796584,303,0,
1771381796588,302,0,
1771381796596,302,0,
1771381796600,306,0,
1771381796604,309,0,
1771381796609,313,0,
1771381796617,318,0,
1771381796621,323,0,
1771381796625,327,0,
1771381796629,333,0,
1771381796637,340,0,
1771381796641,343,0,
1771381796645,346,0,
1771381796649,350,0,
1771381796658,350,0,
1771381796662,351,0,
1771381796666,354,0,
1771381796674,354,0,
1771381796678,354,0,
1771381796682,356,0,
1771381796686,356,0,
1771381796695,355,0,
1771381796699,356,0,
1771381796703,356,0,
1771381796707,356,0,
1771381796715,357,0,
1771381796719,358,0,
1771381796723,354,0,
1771381796731,354,0,
1771381796735,358,0,
1771381796740,356,0,
1771381796744,354,0,
1771381796752,356,0,
1771381796756,355,0,
1771381796760,356,0,
1771381796764,357,0,
1771381796772,356,0,
1771381796776,353,0,
1771381796780,354,0,
1771381796785,354,0,
1771381796793,353,0,
1771381796797,353,0,
1771381796801,356,0,
1771381796809,353,0,
1771381796814,352,0,
1771381796818,355,0,
1771381796821,352,0,
1771381796830,351,0,
1771381796834,353,0,
1771381796838,352,0,
1771381796842,351,0,
1771381796850,352,0,
1771381796854,351,0,
1771381796858,350,0,
1771381796866,350,0,
1771381796871,349,0,
1771381796875,346,0,
1771381796879,346,0,
1771381796887,348,0,
1771381796891,346,0,
1771381796895,343,0,
1771381796899,343,0,
1771381796907,335,0,
1771381796911,321,0,
1771381796916,317,0,
1771381796920,319,0,
1771381796928,324,0,
1771381796932,330,0,
1771381796936,331,0,
1771381796944,333,0,
1771381796948,336,0,
1771381796952,340,0,
1771381796957,344,0,
1771381796965,347,0,
1771381796969,349,0,
1771381796973,347,0,
1771381796977,345,0,
1771381796985,348,0,
1771381796989,347,0,
1771381796993,347,0,
1771381797002,347,0,
1771381797006,347,0,
1771381797010,346,0,
1771381797014,347,0,
1771381797022,346,0,
1771381797026,345,0,
1771381797030,350,0,
1771381797034,359,0,
1771381797043,361,0,
1771381797047,345,0,
1771381797051,302,0,
1771381797059,222,0,
1771381797063,95,0,
1771381797063,0,0,
1771381797067,0,0,
1771381797071,0,0,
1771381797075,0,0,
1771381797075,8,0,
1771381797079,86,0,
1771381797088,230,0,
1771381797092,352,0,
1771381797096,373,0,
1771381797100,360,0,
1771381797108,357,0,
1771381797112,367,0,
1771381797116,376,0,
1771381797120,381,0,
1771381797129,381,0,
1771381797133,382,0,
1771381797137,382,0,
1771381797145,379,0,
1771381797149,378,0,
1771381797153,379,0,
1771381797157,376,0,
1771381797166,373,0,
1771381797170,372,0,
1771381797174,368,0,
1771381797178,366,0,
1771381797186,365,0,
1771381797190,362,0,
1771381797194,360,0,
1771381797203,360,0,
1771381797207,357,0,
1771381797211,350,0,
1771381797215,346,0,
1771381797223,345,0,
1771381797227,338,0,
1771381797231,335,0,
1771381797235,331,0,
1771381797243,326,0,
1771381797247,322,0,
1771381797251,317,0,
1771381797260,312,0,
1771381797264,308,0,
1771381797268,305,0,
1771381797272,301,0,
1771381797280,298,0,
1771381797284,298,0,
1771381797288,297,0,
1771381797292,293,0,
1771381797301,292,0,
1771381797305,292,0,
1771381797309,290,0,
1771381797313,291,0,
1771381797321,293,0,
1771381797325,294,0,
1771381797329,301,0,
1771381797337,308,0,
1771381797342,313,0,
1771381797346,318,0,
1771381797350,323,0,
1771381797358,328,0,
1771381797362,334,0,
1771381797366,340,0,
1771381797370,344,0,
1771381797378,345,0,
1771381797383,347,0,
1771381797387,350,0,
1771381797395,350,0,
1771381797399,352,0,
1771381797403,353,0,
1771381797407,352,0,
1771381797415,353,0,
1771381797419,354,0,
1771381797423,354,0,
1771381797428,355,0,
1771381797436,355,0,
1771381797440,352,0,
1771381797444,353,0,
1771381797448,353,0,
1771381797456,355,0,
1771381797460,354,0,
1771381797464,353,0,
1771381797473,354,0,
1771381797477,353,0,
1771381797481,353,0,
1771381797485,354,0,
1771381797493,353,0,
1771381797497,354,0,
1771381797501,356,0,
1771381797505,354,0,
1771381797514,352,0,
1771381797518,354,0,
1771381797522,353,0,
1771381797530,352,0,
1771381797534,353,0,
1771381797538,355,0,
1771381797542,351,0,
1771381797550,350,0,
1771381797555,351,0,
1771381797559,350,0,
1771381797563,351,0,
1771381797571,351,0,
1771381797575,350,0,
1771381797579,350,0,
1771381797583,351,0,
1771381797591,350,0,
1771381797596,348,0,
1771381797600,347,0,
1771381797608,344,0,
1771381797612,344,0,
1771381797616,345,0,
1771381797620,344,0,
1771381797628,336,0,
1771381797632,329,0,
1771381797637,318,0,
1771381797641,315,0,
1771381797649,320,0,
1771381797653,328,0,
1771381797657,330,0,
1771381797665,333,0,
1771381797669,338,0,
1771381797673,341,0,
1771381797677,343,0,
1771381797686,345,0,
1771381797690,347,0,
1771381797694,345,0,
1771381797698,346,0,
1771381797706,345,0,
1771381797710,341,0,
1771381797714,343,0,
1771381797718,345,0,
1771381797727,346,0,
1771381797731,345,0,
1771381797735,347,0,
1771381797743,346,0,
1771381797747,346,0,
1771381797751,347,0,
1771381797755,351,0,
1771381797763,362,0,
1771381797767,368,0,
1771381797772,346,0,
1771381797776,292,0,
1771381797784,206,0,
1771381797788,76,0,
1771381797792,0,0,
1771381797792,0,0,
1771381797796,0,0,
1771381797800,0,0,
1771381797804,60,0,
1771381797808,192,0,
1771381797813,334,0,
1771381797821,375,0,
1771381797825,359,0,
1771381797829,353,0,
1771381797833,364,0,
1771381797841,372,0,
1771381797845,374,0,
1771381797849,377,0,
1771381797858,381,0,
1771381797862,380,0,
1771381797866,378,0,
1771381797870,373,0,
1771381797878,366,0,
1771381797882,365,0,
1771381797886,365,0,
1771381797890,362,0,
1771381797899,359,0,
1771381797903,362,0,
1771381797907,362,0,
1771381797911,359,0,
1771381797919,360,0,
1771381797923,363,0,
1771381797927,362,0,
1771381797935,353,0,
1771381797940,343,0,
1771381797944,331,0,
1771381797948,326,0,
1771381797956,327,0,
1771381797960,322,0,
1771381797964,316,0,
1771381797968,311,0,
1771381797976,305,0,
1771381797980,305,0,
1771381797985,305,0,
1771381797993,297,0,
1771381797997,288,0,
1771381798001,284,0,
1771381798005,280,0,
1771381798013,281,0,
1771381798017,284,0,
1771381798021,285,0,
1771381798026,280,0,
1771381798034,278,0,
1771381798038,278,0,
1771381798042,281,0,
1771381798046,287,0,
1771381798054,292,0,
1771381798058,295,0,
1771381798062,300,0,
1771381798071,306,0,
1771381798075,315,0,
1771381798079,323,0,
1771381798083,330,0,
1771381798091,332,0,
1771381798095,335,0,
1771381798099,342,0,
1771381798103,345,0,
1771381798112,342,0,
1771381798116,342,0,
1771381798120,346,0,
1771381798128,346,0,
1771381798132,347,0,
1771381798136,347,0,
1771381798140,346,0,
